Timecode,Sensor_ID,Time_Stopped,Right_Pass,Left_Pass
2017-2-23 16:40:21,1,1.49,0,1
2017-2-23 16:40:23,1,1.71,1,0
2017-2-23 16:40:27,1,1.48,0,1
2017-2-23 16:40:39,1,1.61,0,1
2017-2-23 16:40:43,1,1.17,1,0
2017-2-23 16:40:50,1,0.64,0,1
2017-2-23 16:41:4,1,1.70,1,0
2017-2-23 16:41:12,1,1.23,0,1
2017-2-23 16:41:20,1,1.57,1,0
2017-2-23 16:41:35,1,0.93,1,0
2017-2-23 16:41:40,1,0.61,1,0
2017-2-23 16:41:45,1,1.11,0,1
2017-2-23 16:41:57,1,1.63,1,0
2017-2-23 16:41:59,1,0.72,1,0
2017-2-23 16:42:9,1,7.20,1,0
2017-2-23 16:42:16,1,1.57,0,1
2017-2-23 16:42:27,1,1.32,0,1
2017-2-23 16:42:35,1,0.94,1,0
2017-2-23 16:42:45,1,1.71,0,1
2017-2-23 16:42:51,1,0.92,1,0
2017-2-23 16:43:3,1,1.26,0,1
2017-2-23 16:43:5,1,1.01,0,1
2017-2-23 16:43:12,1,1.68,0,1
2017-2-23 16:43:25,1,0.89,1,0
2017-2-23 16:43:30,1,0.80,1,0
2017-2-23 16:43:33,1,0.80,1,0
2017-2-23 16:43:35,1,1.47,0,1
2017-2-23 16:43:43,1,1.34,1,0
2017-2-23 16:43:55,1,1.43,0,1
2017-2-23 16:43:58,1,1.03,0,1
2017-2-23 16:44:11,1,0.86,0,1
2017-2-23 16:44:20,1,1.36,0,1
2017-2-23 16:44:23,1,1.23,0,1
2017-2-23 16:44:27,1,1.68,1,0
2017-2-23 16:44:41,1,1.33,1,0
2017-2-23 16:44:43,1,2.89,1,0
2017-2-23 16:44:54,1,12.08,0,1
2017-2-23 16:44:59,1,0.72,1,0
2017-2-23 16:45:1,1,1.69,0,1
2017-2-23 16:45:7,1,1.46,0,1
2017-2-23 16:45:13,1,1.05,0,1
2017-2-23 16:45:26,1,0.94,0,1
2017-2-23 16:45:41,1,0.88,0,1
2017-2-23 16:45:46,1,0.51,0,1
2017-2-23 16:45:51,1,1.31,0,1
2017-2-23 16:46:3,1,1.79,1,0
2017-2-23 16:46:17,1,1.51,0,1
2017-2-23 16:46:26,1,0.55,0,1
2017-2-23 16:46:40,1,1.60,0,1
2017-2-23 16:46:55,1,0.66,0,1
2017-2-23 16:47:8,1,6.52,1,0
2017-2-23 16:47:20,1,0.84,0,1
2017-2-23 16:47:26,1,11.35,1,0
2017-2-23 16:47:36,1,1.42,1,0
2017-2-23 16:47:51,1,1.20,1,0
2017-2-23 16:47:56,1,1.09,0,1
2017-2-23 16:48:4,1,1.75,1,0
2017-2-23 16:48:6,1,1.11,0,1
2017-2-23 16:48:21,1,1.28,1,0
2017-2-23 16:48:31,1,1.10,0,1
2017-2-23 16:48:41,1,0.81,1,0
2017-2-23 16:48:42,1,0.86,0,1
2017-2-23 16:48:49,1,1.68,1,0
2017-2-23 16:49:1,1,0.58,0,1
2017-2-23 16:49:9,1,0.61,0,1
2017-2-23 16:49:22,1,1.78,1,0
2017-2-23 16:49:34,1,0.86,0,1
2017-2-23 16:49:39,1,1.67,0,1
2017-2-23 16:49:51,1,0.80,0,1
2017-2-23 16:49:58,1,0.68,1,0
2017-2-23 16:50:10,1,1.03,0,1
2017-2-23 16:50:15,1,0.60,0,1
2017-2-23 16:50:17,1,0.90,1,0
2017-2-23 16:50:26,1,1.61,1,0
2017-2-23 16:50:28,1,1.55,1,0
2017-2-23 16:50:42,1,1.37,0,1
2017-2-23 16:50:51,1,1.62,0,1
2017-2-23 16:50:54,1,1.02,0,1
2017-2-23 16:51:4,1,1.36,0,1
2017-2-23 16:51:11,1,0.66,1,0
2017-2-23 16:51:16,1,0.90,0,1
2017-2-23 16:51:20,1,0.88,0,1
2017-2-23 16:51:27,1,0.66,0,1
2017-2-23 16:51:31,1,1.37,0,1
2017-2-23 16:51:45,1,13.02,0,1
2017-2-23 16:51:51,1,0.83,0,1
2017-2-23 16:52:6,1,14.67,0,1
2017-2-23 16:52:20,1,0.84,1,0
2017-2-23 16:52:21,1,1.56,0,1
2017-2-23 16:52:30,1,0.52,0,1
2017-2-23 16:52:32,1,1.36,1,0
2017-2-23 16:52:43,1,0.51,0,1
2017-2-23 16:52:57,1,1.52,1,0
2017-2-23 16:53:5,1,1.67,1,0
2017-2-23 16:53:13,1,0.95,1,0
2017-2-23 16:53:24,1,1.15,0,1
2017-2-23 16:53:29,1,1.47,1,0
2017-2-23 16:53:41,1,1.54,1,0
2017-2-23 16:53:45,1,0.95,0,1
2017-2-23 16:53:55,1,3.81,0,1
2017-2-23 16:54:7,1,1.68,0,1
2017-2-23 16:54:15,1,11.91,0,1
2017-2-23 16:54:28,1,0.78,1,0
2017-2-23 16:54:39,1,1.31,1,0
2017-2-23 16:54:53,1,1.71,0,1
2017-2-23 16:55:8,1,0.90,1,0
2017-2-23 16:55:11,1,0.75,0,1
2017-2-23 16:55:25,1,1.68,1,0
2017-2-23 16:55:31,1,1.48,1,0
2017-2-23 16:55:33,1,0.66,0,1
2017-2-23 16:55:42,1,1.52,0,1
2017-2-23 16:55:56,1,0.81,0,1
2017-2-23 16:55:58,1,1.53,0,1
2017-2-23 16:56:7,1,0.81,0,1
2017-2-23 16:56:11,1,0.53,1,0
2017-2-23 16:56:13,1,1.24,1,0
2017-2-23 16:56:17,1,1.17,1,0
2017-2-23 16:56:21,1,0.52,1,0
2017-2-23 16:56:23,1,1.54,0,1
2017-2-23 16:56:30,1,1.32,1,0
2017-2-23 16:56:36,1,1.39,0,1
2017-2-23 16:56:46,1,1.13,0,1
2017-2-23 16:56:50,1,0.73,0,1
2017-2-23 16:56:58,1,1.33,0,1
2017-2-23 16:57:4,1,1.30,0,1
2017-2-23 16:57:17,1,1.27,0,1
2017-2-23 16:57:22,1,1.03,1,0
2017-2-23 16:57:36,1,0.52,1,0
2017-2-23 16:57:46,1,14.87,0,1
2017-2-23 16:57:54,1,1.51,0,1
2017-2-23 16:58:8,1,1.47,0,1
2017-2-23 16:58:17,1,1.25,0,1
2017-2-23 16:58:21,1,1.38,0,1
2017-2-23 16:58:33,1,0.51,1,0
2017-2-23 16:58:41,1,1.21,1,0
2017-2-23 16:58:46,1,0.66,0,1
2017-2-23 16:58:53,1,0.53,0,1
2017-2-23 16:59:2,1,0.70,0,1
2017-2-23 16:59:14,1,1.09,0,1
2017-2-23 16:59:17,1,1.40,1,0
2017-2-23 16:59:30,1,1.41,1,0
2017-2-23 16:59:38,1,1.70,0,1
2017-2-23 16:59:43,1,0.76,0,1
2017-2-23 16:59:49,1,1.55,0,1
2017-2-23 16:59:57,1,1.72,0,1
2017-2-23 17:0:12,1,9.93,0,1
2017-2-23 17:0:18,1,0.99,1,0
2017-2-23 17:0:20,1,1.56,0,1
2017-2-23 17:0:25,1,0.90,1,0
2017-2-23 17:0:32,1,1.66,1,0
2017-2-23 17:0:39,1,1.69,0,1
2017-2-23 17:0:41,1,1.21,1,0
2017-2-23 17:0:46,1,1.08,0,1
2017-2-23 17:0:47,1,13.43,0,1
2017-2-23 17:0:50,1,1.15,0,1
2017-2-23 17:0:56,1,1.55,1,0
2017-2-23 17:0:57,1,0.64,0,1
2017-2-23 17:1:3,1,1.74,0,1
2017-2-23 17:1:9,1,1.50,0,1
2017-2-23 17:1:10,1,1.69,1,0
2017-2-23 17:1:12,1,1.15,1,0
2017-2-23 17:1:19,1,4.25,0,1
2017-2-23 17:1:33,1,1.75,0,1
2017-2-23 17:1:38,1,0.70,0,1
2017-2-23 17:1:50,1,0.56,0,1
2017-2-23 17:2:5,1,1.50,0,1
2017-2-23 17:2:14,1,1.38,0,1
2017-2-23 17:2:21,1,1.36,0,1
2017-2-23 17:2:23,1,1.20,1,0
2017-2-23 17:2:31,1,1.69,1,0
2017-2-23 17:2:39,1,0.53,1,0
2017-2-23 17:2:50,1,1.52,1,0
2017-2-23 17:3:4,1,0.79,1,0
2017-2-23 17:3:16,1,0.52,0,1
2017-2-23 17:3:25,1,1.78,0,1
2017-2-23 17:3:29,1,1.22,0,1
2017-2-23 17:3:33,1,0.94,0,1
2017-2-23 17:3:46,1,1.33,1,0
2017-2-23 17:3:58,1,1.55,0,1
2017-2-23 17:4:11,1,1.41,0,1
2017-2-23 17:4:16,1,0.57,1,0
2017-2-23 17:4:21,1,7.36,1,0
2017-2-23 17:4:27,1,0.51,1,0
2017-2-23 17:4:40,1,0.58,1,0
2017-2-23 17:4:47,1,0.84,0,1
2017-2-23 17:4:54,1,1.47,0,1
2017-2-23 17:5:1,1,1.80,1,0
2017-2-23 17:5:10,1,0.84,0,1
2017-2-23 17:5:24,1,0.99,0,1
2017-2-23 17:5:33,1,1.42,0,1
2017-2-23 17:5:45,1,1.11,0,1
2017-2-23 17:5:57,1,0.86,0,1
2017-2-23 17:6:5,1,1.73,1,0
2017-2-23 17:6:16,1,6.64,0,1
2017-2-23 17:6:25,1,0.84,1,0
2017-2-23 17:6:40,1,0.93,0,1
2017-2-23 17:6:42,1,0.62,0,1
2017-2-23 17:6:48,1,0.64,1,0
2017-2-23 17:6:57,1,0.55,0,1
2017-2-23 17:7:5,1,1.20,1,0
2017-2-23 17:7:13,1,1.04,0,1
2017-2-23 17:7:21,1,0.52,0,1
2017-2-23 17:7:29,1,1.70,0,1
2017-2-23 17:7:33,1,1.64,1,0
2017-2-23 17:7:44,1,1.43,1,0
2017-2-23 17:7:56,1,1.47,0,1
2017-2-23 17:8:8,1,1.48,1,0
2017-2-23 17:8:15,1,1.32,1,0
2017-2-23 17:8:22,1,1.36,0,1
2017-2-23 17:8:26,1,1.66,1,0
2017-2-23 17:8:34,1,1.73,1,0
2017-2-23 17:8:48,1,0.85,1,0
2017-2-23 17:8:52,1,1.62,1,0
2017-2-23 17:8:57,1,1.49,1,0
2017-2-23 17:9:5,1,1.19,0,1
2017-2-23 17:9:10,1,0.92,0,1
2017-2-23 17:9:13,1,1.56,1,0
2017-2-23 17:9:26,1,1.39,0,1
2017-2-23 17:9:30,1,0.82,1,0
2017-2-23 17:9:42,1,0.89,0,1
2017-2-23 17:9:54,1,0.72,1,0
2017-2-23 17:10:0,1,1.27,0,1
2017-2-23 17:10:15,1,1.80,0,1
2017-2-23 17:10:25,1,3.00,0,1
2017-2-23 17:10:26,1,1.78,0,1
2017-2-23 17:10:29,1,1.78,0,1
2017-2-23 17:10:37,1,0.96,1,0
2017-2-23 17:10:44,1,0.70,0,1
2017-2-23 17:10:46,1,1.41,0,1
2017-2-23 17:10:49,1,0.77,1,0
2017-2-23 17:10:56,1,1.74,1,0
2017-2-23 17:11:1,1,1.06,0,1
2017-2-23 17:11:12,1,0.91,1,0
2017-2-23 17:11:14,1,0.96,1,0
2017-2-23 17:11:24,1,0.95,0,1
2017-2-23 17:11:26,1,1.00,0,1
2017-2-23 17:11:29,1,0.56,0,1
2017-2-23 17:11:38,1,1.19,1,0
2017-2-23 17:11:43,1,1.72,0,1
2017-2-23 17:11:52,1,0.73,1,0
2017-2-23 17:12:1,1,1.56,0,1
2017-2-23 17:12:9,1,0.79,0,1
2017-2-23 17:12:15,1,0.93,1,0
2017-2-23 17:12:30,1,1.36,0,1
2017-2-23 17:12:32,1,1.01,0,1
2017-2-23 17:12:42,1,1.54,1,0
2017-2-23 17:12:56,1,1.63,0,1
2017-2-23 17:13:5,1,0.80,1,0
2017-2-23 17:13:7,1,1.01,1,0
2017-2-23 17:13:15,1,0.66,1,0
2017-2-23 17:13:23,1,0.82,0,1
2017-2-23 17:13:29,1,1.37,1,0
2017-2-23 17:13:31,1,1.10,0,1
2017-2-23 17:13:36,1,0.54,0,1
2017-2-23 17:13:46,1,0.60,0,1
2017-2-23 17:13:53,1,1.71,1,0
2017-2-23 17:14:0,1,1.59,1,0
2017-2-23 17:14:14,1,0.93,0,1
2017-2-23 17:14:25,1,1.70,1,0
2017-2-23 17:14:33,1,1.45,0,1
2017-2-23 17:14:47,1,0.56,0,1
2017-2-23 17:14:55,1,1.53,0,1
2017-2-23 17:15:5,1,0.95,0,1
2017-2-23 17:15:7,1,0.92,0,1
2017-2-23 17:15:17,1,3.60,0,1
2017-2-23 17:15:21,1,0.96,1,0
2017-2-23 17:15:33,1,11.53,0,1
2017-2-23 17:15:48,1,1.42,0,1
2017-2-23 17:15:56,1,7.09,1,0
2017-2-23 17:16:4,1,1.29,1,0
2017-2-23 17:16:8,1,5.89,1,0
2017-2-23 17:16:18,1,0.64,1,0
2017-2-23 17:16:31,1,1.05,1,0
2017-2-23 17:16:33,1,0.77,1,0
2017-2-23 17:16:39,1,0.85,1,0
2017-2-23 17:16:49,1,1.75,1,0
2017-2-23 17:16:57,1,0.71,0,1
2017-2-23 17:17:5,1,1.74,1,0
2017-2-23 17:17:15,1,0.69,1,0
2017-2-23 17:17:18,1,1.47,0,1
2017-2-23 17:17:33,1,0.72,0,1
2017-2-23 17:17:36,1,0.54,1,0
2017-2-23 17:17:41,1,1.61,0,1
2017-2-23 17:17:43,1,0.59,1,0
2017-2-23 17:17:48,1,6.66,1,0
2017-2-23 17:17:57,1,0.53,0,1
2017-2-23 17:17:59,1,1.44,1,0
2017-2-23 17:18:2,1,1.22,0,1
2017-2-23 17:18:10,1,0.83,0,1
2017-2-23 17:18:11,1,0.98,1,0
2017-2-23 17:18:23,1,1.37,0,1
2017-2-23 17:18:37,1,0.75,0,1
2017-2-23 17:18:43,1,1.27,0,1
2017-2-23 17:18:53,1,9.98,1,0
2017-2-23 17:19:6,1,9.58,0,1
2017-2-23 17:19:14,1,1.57,0,1
2017-2-23 17:19:28,1,1.72,1,0
2017-2-23 17:19:40,1,0.89,0,1
2017-2-23 17:19:53,1,0.69,0,1
2017-2-23 17:20:8,1,1.47,0,1
2017-2-23 17:20:17,1,1.33,1,0
2017-2-23 17:20:29,1,8.08,1,0
2017-2-23 17:20:36,1,1.23,1,0
2017-2-23 17:20:45,1,1.38,1,0
2017-2-23 17:20:56,1,1.21,1,0
2017-2-23 17:21:5,1,1.33,0,1
2017-2-23 17:21:12,1,0.91,1,0
2017-2-23 17:21:18,1,1.35,0,1
2017-2-23 17:21:21,1,0.97,0,1
2017-2-23 17:21:33,1,5.08,1,0
2017-2-23 17:21:47,1,0.80,1,0
2017-2-23 17:21:57,1,1.42,0,1
2017-2-23 17:22:2,1,0.64,0,1
2017-2-23 17:22:15,1,14.23,1,0
2017-2-23 17:22:22,1,1.36,0,1
2017-2-23 17:22:36,1,1.09,0,1
2017-2-23 17:22:41,1,1.53,1,0
2017-2-23 17:22:45,1,5.83,0,1
2017-2-23 17:22:58,1,1.76,0,1
2017-2-23 17:23:1,1,0.66,0,1
2017-2-23 17:23:5,1,1.59,0,1
2017-2-23 17:23:14,1,0.78,0,1
2017-2-23 17:23:28,1,2.31,0,1
2017-2-23 17:23:34,1,1.69,0,1
2017-2-23 17:23:39,1,1.77,0,1
2017-2-23 17:23:46,1,0.64,0,1
2017-2-23 17:23:51,1,4.60,1,0
2017-2-23 17:24:0,1,1.26,0,1
2017-2-23 17:24:2,1,1.18,0,1
2017-2-23 17:24:11,1,1.62,0,1
2017-2-23 17:24:13,1,1.52,0,1
2017-2-23 17:24:23,1,12.40,0,1
2017-2-23 17:24:31,1,1.08,0,1
2017-2-23 17:24:42,1,0.87,1,0
2017-2-23 17:24:54,1,0.53,0,1
2017-2-23 17:24:56,1,0.72,0,1
2017-2-23 17:25:1,1,1.41,0,1
2017-2-23 17:25:8,1,1.17,1,0
2017-2-23 17:25:17,1,0.97,0,1
2017-2-23 17:25:31,1,1.58,1,0
2017-2-23 17:25:44,1,0.96,0,1
2017-2-23 17:25:53,1,1.65,0,1
2017-2-23 17:26:3,1,1.38,1,0
2017-2-23 17:26:12,1,1.06,1,0
2017-2-23 17:26:18,1,0.56,1,0
2017-2-23 17:26:26,1,0.53,1,0
2017-2-23 17:26:40,1,0.60,0,1
2017-2-23 17:26:52,1,0.63,0,1
2017-2-23 17:27:2,1,0.66,0,1
2017-2-23 17:27:11,1,1.74,0,1
2017-2-23 17:27:16,1,0.71,1,0
2017-2-23 17:27:20,1,1.18,0,1
2017-2-23 17:27:27,1,0.66,0,1
2017-2-23 17:27:41,1,2.35,1,0
2017-2-23 17:27:52,1,0.93,1,0
2017-2-23 17:28:3,1,1.16,0,1
2017-2-23 17:28:13,1,0.64,0,1
2017-2-23 17:28:21,1,0.80,0,1
2017-2-23 17:28:29,1,0.71,0,1
2017-2-23 17:28:43,1,7.21,1,0
2017-2-23 17:28:45,1,1.20,1,0
2017-2-23 17:28:53,1,0.54,1,0
2017-2-23 17:29:0,1,1.46,0,1
2017-2-23 17:29:13,1,1.79,0,1
2017-2-23 17:29:24,1,1.21,0,1
2017-2-23 17:29:28,1,7.98,1,0
2017-2-23 17:29:37,1,1.51,0,1
2017-2-23 17:29:51,1,1.47,0,1
2017-2-23 17:30:1,1,0.56,1,0
2017-2-23 17:30:16,1,1.11,0,1
2017-2-23 17:30:27,1,0.65,0,1
2017-2-23 17:30:29,1,1.63,0,1
2017-2-23 17:30:36,1,1.61,0,1
2017-2-23 17:30:43,1,1.22,0,1
2017-2-23 17:30:47,1,0.90,1,0
2017-2-23 17:31:2,1,0.84,1,0
2017-2-23 17:31:12,1,1.76,0,1
2017-2-23 17:31:18,1,1.68,1,0
2017-2-23 17:31:24,1,0.68,0,1
2017-2-23 17:31:36,1,1.73,0,1
2017-2-23 17:31:44,1,0.84,0,1
2017-2-23 17:31:45,1,0.78,0,1
2017-2-23 17:31:56,1,0.65,0,1
2017-2-23 17:32:2,1,1.27,1,0
2017-2-23 17:32:9,1,1.66,0,1
2017-2-23 17:32:13,1,0.78,1,0
2017-2-23 17:32:14,1,1.73,1,0
2017-2-23 17:32:20,1,0.63,0,1
2017-2-23 17:32:29,1,0.76,0,1
2017-2-23 17:32:32,1,0.82,0,1
2017-2-23 17:32:40,1,1.40,0,1
2017-2-23 17:32:41,1,1.61,0,1
2017-2-23 17:32:43,1,0.78,0,1
2017-2-23 17:32:51,1,0.95,1,0
2017-2-23 17:32:59,1,1.36,0,1
2017-2-23 17:33:11,1,1.99,0,1
2017-2-23 17:33:17,1,0.97,1,0
2017-2-23 17:33:28,1,1.01,0,1
2017-2-23 17:33:32,1,1.54,1,0
2017-2-23 17:33:45,1,0.88,1,0
2017-2-23 17:33:59,1,0.97,1,0
2017-2-23 17:34:13,1,1.70,0,1
2017-2-23 17:34:24,1,0.94,0,1
2017-2-23 17:34:38,1,0.68,0,1
2017-2-23 17:34:41,1,1.38,0,1
2017-2-23 17:34:51,1,1.76,1,0
2017-2-23 17:34:58,1,1.32,0,1
2017-2-23 17:35:5,1,1.70,0,1
2017-2-23 17:35:12,1,0.52,1,0
2017-2-23 17:35:14,1,6.14,0,1
2017-2-23 17:35:17,1,13.80,0,1
2017-2-23 17:35:29,1,0.56,1,0
2017-2-23 17:35:37,1,1.22,0,1
2017-2-23 17:35:41,1,0.91,0,1
2017-2-23 17:35:45,1,0.99,0,1
2017-2-23 17:35:54,1,0.77,0,1
2017-2-23 17:36:3,1,1.58,0,1
2017-2-23 17:36:10,1,1.62,0,1
2017-2-23 17:36:22,1,1.73,0,1
2017-2-23 17:36:33,1,1.65,0,1
2017-2-23 17:36:45,1,1.78,1,0
2017-2-23 17:36:59,1,0.56,1,0
2017-2-23 17:37:1,1,14.79,0,1
2017-2-23 17:37:12,1,1.77,0,1
2017-2-23 17:37:22,1,2.92,1,0
2017-2-23 17:37:34,1,1.62,0,1
2017-2-23 17:37:37,1,1.44,1,0
2017-2-23 17:37:39,1,0.86,1,0
2017-2-23 17:37:48,1,1.70,0,1
2017-2-23 17:37:50,1,1.78,1,0
2017-2-23 17:37:53,1,1.59,0,1
2017-2-23 17:37:58,1,1.97,1,0
2017-2-23 17:38:6,1,1.37,0,1
2017-2-23 17:38:20,1,1.27,0,1
2017-2-23 17:38:34,1,1.72,1,0
2017-2-23 17:38:39,1,1.52,0,1
2017-2-23 17:38:40,1,1.42,1,0
2017-2-23 17:38:48,1,1.69,1,0
2017-2-23 17:38:52,1,0.86,0,1
2017-2-23 17:39:6,1,1.68,0,1
2017-2-23 17:39:19,1,1.33,1,0
2017-2-23 17:39:29,1,1.05,1,0
2017-2-23 17:39:33,1,1.39,0,1
2017-2-23 17:39:41,1,1.05,1,0
2017-2-23 17:39:50,1,1.79,0,1
2017-2-23 17:39:54,1,0.59,0,1
2017-2-23 17:40:1,1,0.53,0,1
2017-2-23 17:40:9,1,1.34,0,1
2017-2-23 17:40:17,1,1.08,1,0
2017-2-23 17:40:19,1,1.07,1,0
2017-2-23 17:40:22,1,1.29,0,1
2017-2-23 17:40:32,1,1.67,0,1
2017-2-23 17:40:36,1,1.32,0,1
2017-2-23 17:40:47,1,1.71,0,1
2017-2-23 17:40:56,1,0.51,0,1
2017-2-23 17:41:7,1,2.45,1,0
2017-2-23 17:41:11,1,0.52,0,1
2017-2-23 17:41:21,1,0.60,0,1
2017-2-23 17:41:25,1,1.45,0,1
2017-2-23 17:41:28,1,5.05,0,1
2017-2-23 17:41:39,1,0.67,0,1
2017-2-23 17:41:42,1,0.56,1,0
2017-2-23 17:41:57,1,1.07,1,0
2017-2-23 17:42:9,1,7.76,0,1
2017-2-23 17:42:18,1,1.18,0,1
2017-2-23 17:42:28,1,1.60,0,1
2017-2-23 17:42:41,1,1.67,1,0
2017-2-23 17:42:51,1,1.19,1,0
2017-2-23 17:43:4,1,1.54,1,0
2017-2-23 17:43:11,1,0.91,1,0
2017-2-23 17:43:15,1,1.37,0,1
2017-2-23 17:43:26,1,9.85,0,1
2017-2-23 17:43:35,1,0.96,0,1
2017-2-23 17:43:38,1,1.22,1,0
2017-2-23 17:43:53,1,1.28,1,0
2017-2-23 17:44:0,1,1.09,0,1
2017-2-23 17:44:13,1,1.59,0,1
2017-2-23 17:44:18,1,2.50,0,1
2017-2-23 17:44:21,1,0.83,0,1
2017-2-23 17:44:31,1,1.65,0,1
2017-2-23 17:44:37,1,1.20,0,1
2017-2-23 17:44:45,1,1.76,1,0
2017-2-23 17:44:56,1,1.76,1,0
2017-2-23 17:45:9,1,1.34,0,1
2017-2-23 17:45:11,1,0.61,1,0
2017-2-23 17:45:17,1,1.76,1,0
2017-2-23 17:45:24,1,0.54,0,1
2017-2-23 17:45:39,1,1.46,1,0
2017-2-23 17:45:48,1,1.13,0,1
2017-2-23 17:45:52,1,1.55,0,1
2017-2-23 17:45:55,1,0.53,0,1
2017-2-23 17:46:1,1,1.22,0,1
2017-2-23 17:46:3,1,1.75,0,1
2017-2-23 17:46:16,1,0.88,0,1
2017-2-23 17:46:31,1,1.72,0,1
2017-2-23 17:46:32,1,1.35,0,1
2017-2-23 17:46:47,1,0.80,0,1
2017-2-23 17:46:52,1,1.03,1,0
2017-2-23 17:46:53,1,0.69,0,1
2017-2-23 17:46:58,1,1.08,1,0
2017-2-23 17:47:13,1,5.37,0,1
2017-2-23 17:47:18,1,1.45,0,1
2017-2-23 17:47:21,1,13.15,0,1
2017-2-23 17:47:28,1,1.16,1,0
2017-2-23 17:47:34,1,1.47,0,1
2017-2-23 17:47:39,1,1.42,1,0
2017-2-23 17:47:40,1,1.51,0,1
2017-2-23 17:47:52,1,0.92,1,0
2017-2-23 17:48:2,1,1.19,0,1
2017-2-23 17:48:12,1,0.89,1,0
2017-2-23 17:48:26,1,1.59,1,0
2017-2-23 17:48:34,1,1.41,1,0
2017-2-23 17:48:40,1,0.81,0,1
2017-2-23 17:48:42,1,1.26,0,1
2017-2-23 17:48:55,1,1.15,1,0
2017-2-23 17:49:7,1,9.07,0,1
2017-2-23 17:49:11,1,1.23,1,0
2017-2-23 17:49:13,1,1.30,1,0
2017-2-23 17:49:18,1,0.80,0,1
2017-2-23 17:49:30,1,0.66,0,1
2017-2-23 17:49:35,1,1.19,0,1
2017-2-23 17:49:47,1,0.78,1,0
2017-2-23 17:49:56,1,0.54,0,1
2017-2-23 17:49:58,1,14.36,0,1
2017-2-23 17:50:10,1,0.53,0,1
2017-2-23 17:50:24,1,1.07,0,1
2017-2-23 17:50:31,1,0.58,0,1
2017-2-23 17:50:39,1,1.62,0,1
2017-2-23 17:50:48,1,2.95,1,0
2017-2-23 17:50:55,1,1.72,1,0
2017-2-23 17:51:10,1,1.77,0,1
2017-2-23 17:51:14,1,0.94,0,1
2017-2-23 17:51:15,1,0.56,1,0
2017-2-23 17:51:26,1,1.76,1,0
2017-2-23 17:51:35,1,0.60,0,1
2017-2-23 17:51:38,1,1.70,0,1
2017-2-23 17:51:52,1,13.41,0,1
2017-2-23 17:52:3,1,12.23,0,1
2017-2-23 17:52:9,1,12.78,1,0
2017-2-23 17:52:14,1,1.70,1,0
2017-2-23 17:52:23,1,1.45,0,1
2017-2-23 17:52:26,1,1.76,0,1
2017-2-23 17:52:28,1,0.79,0,1
2017-2-23 17:52:33,1,1.54,0,1
2017-2-23 17:52:48,1,1.53,0,1
2017-2-23 17:52:50,1,0.58,0,1
2017-2-23 17:52:54,1,1.48,0,1
2017-2-23 17:53:5,1,0.64,0,1
2017-2-23 17:53:12,1,1.11,0,1
2017-2-23 17:53:23,1,1.39,0,1
2017-2-23 17:53:25,1,0.62,0,1
2017-2-23 17:53:39,1,1.26,1,0
2017-2-23 17:53:53,1,1.20,1,0
2017-2-23 17:54:5,1,1.65,0,1
2017-2-23 17:54:19,1,1.27,1,0
2017-2-23 17:54:30,1,0.93,1,0
2017-2-23 17:54:33,1,1.18,1,0
2017-2-23 17:54:42,1,1.34,0,1
2017-2-23 17:54:44,1,0.95,1,0
2017-2-23 17:54:47,1,0.99,0,1
2017-2-23 17:54:58,1,0.70,1,0
2017-2-23 17:55:10,1,1.68,1,0
2017-2-23 17:55:16,1,0.55,1,0
2017-2-23 17:55:28,1,1.37,0,1
2017-2-23 17:55:43,1,14.69,0,1
2017-2-23 17:55:48,1,1.09,0,1
2017-2-23 17:56:2,1,1.52,1,0
2017-2-23 17:56:7,1,1.53,0,1
2017-2-23 17:56:17,1,1.63,1,0
2017-2-23 17:56:32,1,1.31,1,0
2017-2-23 17:56:40,1,1.49,0,1
2017-2-23 17:56:42,1,1.28,0,1
2017-2-23 17:56:56,1,0.66,1,0
2017-2-23 17:57:0,1,11.22,0,1
2017-2-23 17:57:14,1,1.60,1,0
2017-2-23 17:57:23,1,1.44,0,1
2017-2-23 17:57:26,1,0.81,1,0
2017-2-23 17:57:35,1,0.55,1,0
2017-2-23 17:57:43,1,7.34,0,1
2017-2-23 17:57:51,1,13.48,1,0
2017-2-23 17:57:57,1,3.31,0,1
2017-2-23 17:58:0,1,1.07,0,1
2017-2-23 17:58:15,1,1.49,0,1
2017-2-23 17:58:21,1,8.55,0,1
2017-2-23 17:58:34,1,1.12,0,1
2017-2-23 17:58:40,1,0.67,0,1
2017-2-23 17:58:44,1,0.95,1,0
2017-2-23 17:58:46,1,1.45,0,1
2017-2-23 17:58:50,1,1.28,0,1
2017-2-23 17:59:3,1,1.62,0,1
2017-2-23 17:59:15,1,1.29,0,1
2017-2-23 17:59:22,1,1.53,0,1
2017-2-23 17:59:27,1,1.24,0,1
2017-2-23 17:59:39,1,13.82,1,0
2017-2-23 17:59:42,1,1.55,0,1
2017-2-23 17:59:46,1,1.39,1,0
2017-2-23 17:59:55,1,1.58,0,1
2017-2-23 18:0:7,1,0.57,0,1
2017-2-23 18:0:19,1,1.38,1,0
2017-2-23 18:0:33,1,1.40,0,1
2017-2-23 18:0:44,1,1.27,0,1
2017-2-23 18:0:55,1,14.02,0,1
2017-2-23 18:1:3,1,1.74,1,0
2017-2-23 18:1:6,1,0.59,1,0
2017-2-23 18:1:13,1,0.71,0,1
2017-2-23 18:1:19,1,13.93,0,1
2017-2-23 18:1:23,1,1.52,0,1
2017-2-23 18:1:28,1,0.88,1,0
2017-2-23 18:1:43,1,1.02,0,1
2017-2-23 18:1:45,1,1.74,0,1
2017-2-23 18:1:51,1,1.36,0,1
2017-2-23 18:1:56,1,1.07,0,1
2017-2-23 18:2:1,1,1.22,0,1
2017-2-23 18:2:6,1,1.01,0,1
2017-2-23 18:2:9,1,1.29,0,1
2017-2-23 18:2:22,1,1.78,1,0
2017-2-23 18:2:36,1,0.54,1,0
2017-2-23 18:2:37,1,1.06,0,1
2017-2-23 18:2:47,1,1.08,1,0
2017-2-23 18:3:2,1,1.63,0,1
2017-2-23 18:3:11,1,1.30,1,0
2017-2-23 18:3:24,1,1.20,0,1
2017-2-23 18:3:29,1,1.58,0,1
2017-2-23 18:3:35,1,2.54,0,1
2017-2-23 18:3:50,1,1.68,1,0
2017-2-23 18:3:52,1,6.33,0,1
2017-2-23 18:3:58,1,0.90,0,1
2017-2-23 18:4:4,1,10.62,1,0
2017-2-23 18:4:7,1,1.52,1,0
2017-2-23 18:4:17,1,0.58,1,0
2017-2-23 18:4:23,1,1.75,1,0
2017-2-23 18:4:25,1,0.85,0,1
2017-2-23 18:4:26,1,1.39,0,1
2017-2-23 18:4:33,1,0.67,0,1
2017-2-23 18:4:42,1,1.13,0,1
2017-2-23 18:4:52,1,1.16,0,1
2017-2-23 18:4:53,1,0.53,0,1
2017-2-23 18:5:5,1,1.06,1,0
2017-2-23 18:5:15,1,12.89,0,1
2017-2-23 18:5:22,1,0.73,0,1
2017-2-23 18:5:32,1,1.63,0,1
2017-2-23 18:5:35,1,1.69,1,0
2017-2-23 18:5:37,1,1.02,0,1
2017-2-23 18:5:38,1,1.22,0,1
2017-2-23 18:5:41,1,0.89,0,1
2017-2-23 18:5:48,1,1.10,0,1
2017-2-23 18:5:50,1,0.58,0,1
2017-2-23 18:5:55,1,1.13,0,1
2017-2-23 18:6:9,1,1.58,0,1
2017-2-23 18:6:20,1,1.75,0,1
2017-2-23 18:6:26,1,0.85,0,1
2017-2-23 18:6:28,1,1.36,0,1
2017-2-23 18:6:32,1,1.63,0,1
2017-2-23 18:6:45,1,1.35,0,1
2017-2-23 18:6:49,1,12.95,1,0
2017-2-23 18:6:58,1,0.58,0,1
2017-2-23 18:7:5,1,0.66,0,1
2017-2-23 18:7:9,1,4.71,1,0
2017-2-23 18:7:19,1,0.70,1,0
2017-2-23 18:7:26,1,1.47,1,0
2017-2-23 18:7:36,1,0.60,1,0
2017-2-23 18:7:45,1,1.62,0,1
2017-2-23 18:7:52,1,1.78,0,1
2017-2-23 18:7:55,1,0.62,0,1
2017-2-23 18:7:58,1,0.68,0,1
2017-2-23 18:8:4,1,0.70,1,0
2017-2-23 18:8:11,1,1.68,1,0
2017-2-23 18:8:20,1,0.64,0,1
2017-2-23 18:8:33,1,1.15,0,1
2017-2-23 18:8:36,1,0.71,0,1
2017-2-23 18:8:48,1,1.63,1,0
2017-2-23 18:9:3,1,0.65,0,1
2017-2-23 18:9:12,1,1.26,0,1
2017-2-23 18:9:17,1,1.20,0,1
2017-2-23 18:9:30,1,11.28,0,1
2017-2-23 18:9:43,1,0.59,0,1
2017-2-23 18:9:53,1,1.46,0,1
2017-2-23 18:10:4,1,0.68,1,0
2017-2-23 18:10:18,1,9.15,0,1
2017-2-23 18:10:29,1,1.18,0,1
2017-2-23 18:10:43,1,1.47,0,1
2017-2-23 18:10:53,1,1.46,0,1
2017-2-23 18:11:5,1,0.78,1,0
2017-2-23 18:11:14,1,1.49,0,1
2017-2-23 18:11:23,1,1.28,0,1
2017-2-23 18:11:27,1,1.64,0,1
2017-2-23 18:11:28,1,1.74,0,1
2017-2-23 18:11:32,1,0.66,0,1
2017-2-23 18:11:34,1,5.28,0,1
2017-2-23 18:11:47,1,1.33,0,1
2017-2-23 18:11:50,1,1.32,1,0
2017-2-23 18:12:5,1,0.54,0,1
2017-2-23 18:12:11,1,0.54,0,1
2017-2-23 18:12:17,1,0.67,1,0
2017-2-23 18:12:27,1,1.21,0,1
2017-2-23 18:12:34,1,1.43,0,1
2017-2-23 18:12:42,1,0.62,0,1
2017-2-23 18:12:56,1,1.45,0,1
2017-2-23 18:12:58,1,1.04,0,1
2017-2-23 18:13:4,1,1.30,1,0
2017-2-23 18:13:9,1,1.56,1,0
2017-2-23 18:13:23,1,1.12,1,0
2017-2-23 18:13:37,1,1.77,0,1
2017-2-23 18:13:47,1,1.75,0,1
2017-2-23 18:13:57,1,1.75,0,1
2017-2-23 18:14:1,1,0.59,0,1
2017-2-23 18:14:10,1,1.70,0,1
2017-2-23 18:14:15,1,1.09,1,0
2017-2-23 18:14:21,1,0.89,0,1
2017-2-23 18:14:34,1,1.41,0,1
2017-2-23 18:14:45,1,0.80,1,0
2017-2-23 18:14:58,1,1.40,0,1
2017-2-23 18:15:4,1,1.32,1,0
2017-2-23 18:15:14,1,1.53,0,1
2017-2-23 18:15:22,1,0.83,0,1
2017-2-23 18:15:26,1,1.76,1,0
2017-2-23 18:15:35,1,3.00,0,1
2017-2-23 18:15:39,1,1.28,0,1
2017-2-23 18:15:48,1,1.14,0,1
2017-2-23 18:16:2,1,1.02,1,0
2017-2-23 18:16:16,1,1.29,1,0
2017-2-23 18:16:30,1,1.67,0,1
2017-2-23 18:16:39,1,1.19,0,1
2017-2-23 18:16:52,1,1.25,1,0
2017-2-23 18:16:59,1,2.38,0,1
2017-2-23 18:17:8,1,0.61,0,1
2017-2-23 18:17:10,1,1.46,1,0
2017-2-23 18:17:15,1,6.02,1,0
2017-2-23 18:17:20,1,1.74,0,1
2017-2-23 18:17:35,1,1.28,0,1
2017-2-23 18:17:41,1,0.85,0,1
2017-2-23 18:17:47,1,0.81,1,0
2017-2-23 18:17:57,1,0.61,0,1
2017-2-23 18:18:6,1,0.62,0,1
2017-2-23 18:18:10,1,1.57,0,1
2017-2-23 18:18:16,1,13.23,0,1
2017-2-23 18:18:18,1,1.39,0,1
2017-2-23 18:18:23,1,0.82,0,1
2017-2-23 18:18:33,1,0.62,0,1
2017-2-23 18:18:43,1,1.79,0,1
2017-2-23 18:18:53,1,0.55,0,1
2017-2-23 18:19:5,1,0.73,1,0
2017-2-23 18:19:16,1,0.84,0,1
2017-2-23 18:19:23,1,0.63,0,1
2017-2-23 18:19:37,1,1.59,0,1
2017-2-23 18:19:40,1,1.59,1,0
2017-2-23 18:19:45,1,1.77,1,0
2017-2-23 18:19:59,1,0.64,1,0
2017-2-23 18:20:10,1,0.95,0,1
2017-2-23 18:20:14,1,0.97,0,1
2017-2-23 18:20:19,1,1.35,0,1
2017-2-23 18:20:28,1,0.71,1,0
2017-2-23 18:20:42,1,1.64,1,0
2017-2-23 18:20:55,1,1.80,0,1
2017-2-23 18:21:3,1,14.50,0,1
2017-2-23 18:21:4,1,0.78,1,0
2017-2-23 18:21:16,1,1.10,0,1
2017-2-23 18:21:27,1,0.72,0,1
2017-2-23 18:21:39,1,1.58,0,1
2017-2-23 18:21:48,1,1.61,0,1
2017-2-23 18:21:50,1,1.17,0,1
2017-2-23 18:22:5,1,4.94,1,0
2017-2-23 18:22:7,1,1.04,0,1
2017-2-23 18:22:14,1,1.45,1,0
2017-2-23 18:22:16,1,1.43,0,1
2017-2-23 18:22:22,1,6.45,1,0
2017-2-23 18:22:27,1,0.63,1,0
2017-2-23 18:22:40,1,1.68,0,1
2017-2-23 18:22:44,1,13.70,1,0
2017-2-23 18:22:58,1,1.55,0,1
2017-2-23 18:23:5,1,1.67,1,0
2017-2-23 18:23:14,1,0.78,1,0
2017-2-23 18:23:17,1,0.72,1,0
2017-2-23 18:23:28,1,1.01,1,0
2017-2-23 18:23:31,1,1.15,0,1
2017-2-23 18:23:43,1,1.47,0,1
2017-2-23 18:23:54,1,1.23,1,0
2017-2-23 18:24:3,1,0.84,1,0
2017-2-23 18:24:8,1,1.24,1,0
2017-2-23 18:24:10,1,0.53,0,1
2017-2-23 18:24:18,1,0.79,1,0
2017-2-23 18:24:20,1,1.42,0,1
2017-2-23 18:24:28,1,0.57,0,1
2017-2-23 18:24:35,1,0.57,0,1
2017-2-23 18:24:45,1,1.14,1,0
2017-2-23 18:24:48,1,0.98,0,1
2017-2-23 18:25:3,1,1.23,0,1
2017-2-23 18:25:4,1,1.59,0,1
2017-2-23 18:25:18,1,6.79,0,1
2017-2-23 18:25:32,1,1.71,0,1
2017-2-23 18:25:42,1,1.59,0,1
2017-2-23 18:25:48,1,1.40,0,1
2017-2-23 18:25:58,1,1.19,1,0
2017-2-23 18:26:12,1,0.73,0,1
2017-2-23 18:26:26,1,14.48,0,1
2017-2-23 18:26:30,1,1.11,0,1
2017-2-23 18:26:38,1,0.80,0,1
2017-2-23 18:26:49,1,0.71,0,1
2017-2-23 18:26:59,1,0.55,0,1
2017-2-23 18:27:10,1,0.62,0,1
2017-2-23 18:27:25,1,1.76,0,1
2017-2-23 18:27:26,1,0.80,0,1
2017-2-23 18:27:29,1,0.59,0,1
2017-2-23 18:27:32,1,0.96,0,1
2017-2-23 18:27:35,1,1.69,1,0
2017-2-23 18:27:41,1,1.40,0,1
2017-2-23 18:27:48,1,0.58,0,1
2017-2-23 18:27:53,1,1.78,0,1
2017-2-23 18:28:7,1,0.87,0,1
2017-2-23 18:28:18,1,1.16,0,1
2017-2-23 18:28:28,1,1.05,0,1
2017-2-23 18:28:30,1,0.98,0,1
2017-2-23 18:28:44,1,1.18,0,1
2017-2-23 18:28:57,1,0.88,0,1
2017-2-23 18:29:6,1,1.19,0,1
2017-2-23 18:29:10,1,0.52,1,0
2017-2-23 18:29:15,1,1.78,0,1
2017-2-23 18:29:18,1,14.44,0,1
2017-2-23 18:29:31,1,3.60,1,0
2017-2-23 18:29:36,1,0.77,0,1
2017-2-23 18:29:50,1,1.43,0,1
2017-2-23 18:30:5,1,0.76,1,0
2017-2-23 18:30:16,1,0.88,1,0
2017-2-23 18:30:28,1,1.27,1,0
2017-2-23 18:30:39,1,1.06,0,1
2017-2-23 18:30:41,1,1.42,0,1
2017-2-23 18:30:47,1,1.08,1,0
2017-2-23 18:31:1,1,1.42,0,1
2017-2-23 18:31:10,1,1.52,0,1
2017-2-23 18:31:17,1,1.72,1,0
2017-2-23 18:31:27,1,0.78,1,0
2017-2-23 18:31:36,1,1.03,0,1
2017-2-23 18:31:50,1,1.72,0,1
2017-2-23 18:32:2,1,0.91,1,0
2017-2-23 18:32:9,1,0.99,0,1
2017-2-23 18:32:19,1,1.59,0,1
2017-2-23 18:32:22,1,1.32,0,1
2017-2-23 18:32:30,1,1.45,0,1
2017-2-23 18:32:38,1,1.60,1,0
2017-2-23 18:32:42,1,1.55,0,1
2017-2-23 18:32:49,1,0.79,1,0
2017-2-23 18:32:54,1,1.41,1,0
2017-2-23 18:33:1,1,1.25,0,1
2017-2-23 18:33:4,1,1.55,1,0
2017-2-23 18:33:6,1,1.35,0,1
2017-2-23 18:33:17,1,1.56,0,1
2017-2-23 18:33:23,1,1.16,1,0
2017-2-23 18:33:37,1,0.93,0,1
2017-2-23 18:33:43,1,0.67,0,1
2017-2-23 18:33:53,1,7.49,1,0
2017-2-23 18:34:6,1,0.56,0,1
2017-2-23 18:34:19,1,1.60,0,1
2017-2-23 18:34:25,1,1.01,0,1
2017-2-23 18:34:31,1,1.37,0,1
2017-2-23 18:34:35,1,0.51,0,1
2017-2-23 18:34:37,1,0.99,1,0
2017-2-23 18:34:46,1,1.56,0,1
2017-2-23 18:34:48,1,8.37,1,0
2017-2-23 18:34:52,1,0.95,0,1
2017-2-23 18:35:3,1,9.59,1,0
2017-2-23 18:35:7,1,1.27,1,0
2017-2-23 18:35:10,1,1.34,0,1
2017-2-23 18:35:25,1,0.77,1,0
2017-2-23 18:35:36,1,1.42,0,1
2017-2-23 18:35:39,1,0.78,0,1
2017-2-23 18:35:49,1,10.10,0,1
2017-2-23 18:35:52,1,1.75,0,1
2017-2-23 18:36:2,1,1.32,0,1
2017-2-23 18:36:13,1,1.07,0,1
2017-2-23 18:36:23,1,1.20,0,1
2017-2-23 18:36:33,1,1.47,0,1
2017-2-23 18:36:41,1,1.78,1,0
2017-2-23 18:36:55,1,0.52,0,1
2017-2-23 18:37:8,1,0.88,0,1
2017-2-23 18:37:15,1,0.83,0,1
2017-2-23 18:37:21,1,1.29,0,1
2017-2-23 18:37:34,1,1.27,0,1
2017-2-23 18:37:44,1,0.81,1,0
2017-2-23 18:37:57,1,11.15,1,0
2017-2-23 18:38:3,1,1.55,0,1
2017-2-23 18:38:18,1,1.25,1,0
2017-2-23 18:38:31,1,1.72,1,0
2017-2-23 18:38:34,1,1.07,1,0
2017-2-23 18:38:48,1,0.85,0,1
2017-2-23 18:38:54,1,1.62,1,0
2017-2-23 18:38:59,1,1.06,0,1
2017-2-23 18:39:5,1,0.80,0,1
2017-2-23 18:39:8,1,1.34,1,0
2017-2-23 18:39:12,1,1.35,0,1
2017-2-23 18:39:20,1,1.19,0,1
2017-2-23 18:39:27,1,0.60,1,0
2017-2-23 18:39:31,1,0.58,1,0
2017-2-23 18:39:34,1,1.43,1,0
2017-2-23 18:39:49,1,1.20,0,1
2017-2-23 18:40:2,1,1.56,1,0
2017-2-23 18:40:10,1,0.86,0,1
2017-2-23 18:40:14,1,0.83,0,1
2017-2-23 18:40:22,1,1.69,1,0
2017-2-23 18:40:35,1,1.37,1,0
2017-2-23 18:40:45,1,8.66,0,1
2017-2-23 18:40:57,1,4.61,1,0
2017-2-23 18:40:59,1,0.60,0,1
2017-2-23 18:41:6,1,8.51,1,0
2017-2-23 18:41:17,1,1.43,0,1
2017-2-23 18:41:25,1,1.43,0,1
2017-2-23 18:41:28,1,1.25,0,1
2017-2-23 18:41:34,1,1.40,0,1
2017-2-23 18:41:43,1,1.10,1,0
2017-2-23 18:41:53,1,1.68,0,1
2017-2-23 18:42:4,1,0.64,1,0
2017-2-23 18:42:6,1,1.52,0,1
2017-2-23 18:42:8,1,1.48,1,0
2017-2-23 18:42:14,1,0.56,1,0
2017-2-23 18:42:20,1,10.04,0,1
2017-2-23 18:42:22,1,0.68,1,0
2017-2-23 18:42:27,1,5.13,0,1
2017-2-23 18:42:38,1,8.84,0,1
2017-2-23 18:42:45,1,1.20,0,1
2017-2-23 18:42:57,1,0.96,1,0
2017-2-23 18:43:9,1,0.94,0,1
2017-2-23 18:43:18,1,0.82,1,0
2017-2-23 18:43:21,1,0.53,0,1
2017-2-23 18:43:34,1,0.88,1,0
2017-2-23 18:43:36,1,1.48,1,0
2017-2-23 18:43:41,1,0.74,1,0
2017-2-23 18:43:55,1,1.03,1,0
2017-2-23 18:44:5,1,1.04,0,1
2017-2-23 18:44:18,1,0.94,0,1
2017-2-23 18:44:20,1,1.38,0,1
2017-2-23 18:44:25,1,0.67,1,0
2017-2-23 18:44:31,1,1.22,1,0
2017-2-23 18:44:33,1,1.75,0,1
2017-2-23 18:44:47,1,1.33,0,1
2017-2-23 18:44:59,1,1.67,1,0
2017-2-23 18:45:13,1,7.10,0,1
2017-2-23 18:45:26,1,13.71,1,0
2017-2-23 18:45:31,1,0.69,0,1
2017-2-23 18:45:33,1,0.64,1,0
2017-2-23 18:45:40,1,1.30,0,1
2017-2-23 18:45:45,1,1.78,0,1
2017-2-23 18:45:57,1,1.15,0,1
2017-2-23 18:46:11,1,0.57,0,1
2017-2-23 18:46:26,1,0.73,0,1
2017-2-23 18:46:32,1,1.79,0,1
2017-2-23 18:46:34,1,1.71,1,0
2017-2-23 18:46:43,1,1.18,0,1
2017-2-23 18:46:49,1,0.90,0,1
2017-2-23 18:47:2,1,0.78,0,1
2017-2-23 18:47:9,1,1.22,0,1
2017-2-23 18:47:24,1,10.69,0,1
2017-2-23 18:47:25,1,1.54,0,1
2017-2-23 18:47:40,1,0.90,0,1
2017-2-23 18:47:50,1,0.50,0,1
2017-2-23 18:48:2,1,0.82,1,0
2017-2-23 18:48:6,1,1.54,0,1
2017-2-23 18:48:16,1,1.48,1,0
2017-2-23 18:48:20,1,0.88,0,1
2017-2-23 18:48:28,1,1.67,0,1
2017-2-23 18:48:40,1,1.41,0,1
2017-2-23 18:48:49,1,1.32,0,1
2017-2-23 18:48:59,1,1.08,0,1
2017-2-23 18:49:12,1,1.76,1,0
2017-2-23 18:49:16,1,1.37,1,0
2017-2-23 18:49:20,1,0.60,0,1
2017-2-23 18:49:32,1,0.74,0,1
2017-2-23 18:49:40,1,1.55,0,1
2017-2-23 18:49:50,1,1.29,1,0
2017-2-23 18:49:57,1,1.45,1,0
2017-2-23 18:50:0,1,1.22,0,1
2017-2-23 18:50:13,1,1.67,1,0
2017-2-23 18:50:15,1,1.20,0,1
2017-2-23 18:50:28,1,1.21,0,1
2017-2-23 18:50:34,1,1.18,0,1
2017-2-23 18:50:46,1,14.43,0,1
2017-2-23 18:50:49,1,0.87,0,1
2017-2-23 18:51:2,1,0.83,0,1
2017-2-23 18:51:6,1,0.75,1,0
2017-2-23 18:51:13,1,1.24,0,1
2017-2-23 18:51:18,1,1.61,0,1
2017-2-23 18:51:29,1,1.45,0,1
2017-2-23 18:51:37,1,11.83,1,0
2017-2-23 18:51:41,1,0.75,0,1
2017-2-23 18:51:50,1,1.19,1,0
2017-2-23 18:52:1,1,1.11,0,1
2017-2-23 18:52:9,1,1.31,0,1
2017-2-23 18:52:19,1,1.78,0,1
2017-2-23 18:52:29,1,0.56,0,1
2017-2-23 18:52:37,1,1.19,0,1
2017-2-23 18:52:40,1,1.00,0,1
2017-2-23 18:52:44,1,1.08,1,0
2017-2-23 18:52:57,1,1.08,0,1
2017-2-23 18:53:7,1,0.56,1,0
2017-2-23 18:53:10,1,1.42,1,0
2017-2-23 18:53:16,1,1.61,1,0
2017-2-23 18:53:19,1,1.42,0,1
2017-2-23 18:53:24,1,1.27,0,1
2017-2-23 18:53:38,1,1.38,1,0
2017-2-23 18:53:50,1,0.91,0,1
2017-2-23 18:54:3,1,1.60,1,0
2017-2-23 18:54:17,1,1.54,0,1
2017-2-23 18:54:23,1,1.35,0,1
2017-2-23 18:54:33,1,1.65,1,0
2017-2-23 18:54:40,1,1.45,1,0
2017-2-23 18:54:47,1,6.19,0,1
2017-2-23 18:54:56,1,1.01,0,1
2017-2-23 18:54:57,1,0.88,0,1
2017-2-23 18:55:3,1,1.27,0,1
2017-2-23 18:55:11,1,9.52,0,1
2017-2-23 18:55:25,1,1.10,0,1
2017-2-23 18:55:38,1,0.85,0,1
2017-2-23 18:55:41,1,9.78,1,0
2017-2-23 18:55:47,1,1.60,1,0
2017-2-23 18:55:54,1,1.68,0,1
2017-2-23 18:55:55,1,12.13,0,1
2017-2-23 18:56:0,1,0.86,0,1
2017-2-23 18:56:8,1,1.24,0,1
2017-2-23 18:56:20,1,0.64,0,1
2017-2-23 18:56:26,1,1.10,1,0
2017-2-23 18:56:30,1,0.75,0,1
2017-2-23 18:56:33,1,1.29,0,1
2017-2-23 18:56:43,1,2.48,1,0
2017-2-23 18:56:53,1,1.15,1,0
2017-2-23 18:57:2,1,1.01,0,1
2017-2-23 18:57:5,1,0.86,0,1
2017-2-23 18:57:7,1,13.76,0,1
2017-2-23 18:57:17,1,1.02,1,0
2017-2-23 18:57:25,1,0.76,1,0
2017-2-23 18:57:31,1,1.41,1,0
2017-2-23 18:57:40,1,9.58,1,0
2017-2-23 18:57:44,1,1.78,1,0
2017-2-23 18:57:55,1,1.73,1,0
2017-2-23 18:57:58,1,0.85,0,1
2017-2-23 18:58:10,1,1.52,1,0
2017-2-23 18:58:17,1,1.18,0,1
2017-2-23 18:58:30,1,7.58,0,1
2017-2-23 18:58:39,1,1.33,0,1
2017-2-23 18:58:48,1,1.37,1,0
2017-2-23 18:58:56,1,6.46,0,1
2017-2-23 18:59:0,1,1.05,0,1
2017-2-23 18:59:14,1,0.53,0,1
2017-2-23 18:59:28,1,1.14,0,1
2017-2-23 18:59:41,1,12.75,0,1
2017-2-23 18:59:45,1,1.63,0,1
2017-2-23 18:59:52,1,4.76,0,1
2017-2-23 19:0:4,1,1.10,0,1
2017-2-23 19:0:14,1,1.63,1,0
2017-2-23 19:0:24,1,3.08,0,1
2017-2-23 19:0:31,1,0.70,0,1
2017-2-23 19:0:36,1,9.82,1,0
2017-2-23 19:0:37,1,0.67,0,1
2017-2-23 19:0:41,1,0.79,1,0
2017-2-23 19:0:51,1,0.94,1,0
2017-2-23 19:1:2,1,0.92,0,1
2017-2-23 19:1:10,1,0.88,1,0
2017-2-23 19:1:16,1,0.88,0,1
2017-2-23 19:1:22,1,0.62,0,1
2017-2-23 19:1:31,1,0.56,0,1
2017-2-23 19:1:43,1,0.59,0,1
2017-2-23 19:1:55,1,1.21,0,1
2017-2-23 19:2:9,1,0.87,0,1
2017-2-23 19:2:15,1,0.70,1,0
2017-2-23 19:2:18,1,0.57,1,0
2017-2-23 19:2:27,1,1.44,1,0
2017-2-23 19:2:37,1,1.56,0,1
2017-2-23 19:2:49,1,1.13,1,0
2017-2-23 19:3:1,1,0.68,0,1
2017-2-23 19:3:3,1,1.22,0,1
2017-2-23 19:3:15,1,1.22,1,0
2017-2-23 19:3:29,1,1.76,0,1
2017-2-23 19:3:39,1,1.55,1,0
2017-2-23 19:3:43,1,0.59,1,0
2017-2-23 19:3:45,1,1.56,0,1
2017-2-23 19:3:48,1,0.79,0,1
2017-2-23 19:3:59,1,0.83,1,0
2017-2-23 19:4:7,1,0.58,1,0
2017-2-23 19:4:12,1,1.01,0,1
2017-2-23 19:4:22,1,1.16,1,0
2017-2-23 19:4:24,1,1.68,1,0
2017-2-23 19:4:34,1,1.44,0,1
2017-2-23 19:4:42,1,0.86,0,1
2017-2-23 19:4:45,1,1.32,1,0
2017-2-23 19:4:59,1,0.83,0,1
2017-2-23 19:5:12,1,1.80,1,0
2017-2-23 19:5:24,1,1.25,0,1
2017-2-23 19:5:28,1,0.82,0,1
2017-2-23 19:5:29,1,1.50,0,1
2017-2-23 19:5:42,1,1.52,1,0
2017-2-23 19:5:50,1,0.56,0,1
2017-2-23 19:6:5,1,1.52,1,0
2017-2-23 19:6:9,1,0.99,0,1
2017-2-23 19:6:21,1,1.43,0,1
2017-2-23 19:6:30,1,0.75,0,1
2017-2-23 19:6:34,1,1.45,1,0
2017-2-23 19:6:46,1,1.37,0,1
2017-2-23 19:6:48,1,1.07,1,0
2017-2-23 19:6:52,1,0.62,1,0
2017-2-23 19:7:5,1,3.63,1,0
2017-2-23 19:7:18,1,0.78,0,1
2017-2-23 19:7:26,1,1.04,0,1
2017-2-23 19:7:39,1,0.78,1,0
2017-2-23 19:7:49,1,1.07,0,1
2017-2-23 19:7:51,1,0.99,1,0
2017-2-23 19:7:56,1,1.79,0,1
2017-2-23 19:8:11,1,0.55,0,1
2017-2-23 19:8:21,1,1.10,0,1
2017-2-23 19:8:30,1,2.81,0,1
2017-2-23 19:8:42,1,1.30,1,0
2017-2-23 19:8:45,1,0.57,1,0
2017-2-23 19:8:58,1,1.39,0,1
2017-2-23 19:9:1,1,0.74,1,0
2017-2-23 19:9:15,1,0.76,1,0
2017-2-23 19:9:20,1,1.63,0,1
2017-2-23 19:9:24,1,9.36,0,1
2017-2-23 19:9:27,1,0.57,0,1
2017-2-23 19:9:36,1,0.89,0,1
2017-2-23 19:9:46,1,0.52,0,1
2017-2-23 19:9:49,1,1.32,1,0
2017-2-23 19:10:2,1,1.40,0,1
2017-2-23 19:10:6,1,1.07,1,0
2017-2-23 19:10:20,1,1.25,0,1
2017-2-23 19:10:29,1,0.76,1,0
2017-2-23 19:10:44,1,1.24,1,0
2017-2-23 19:10:47,1,0.98,0,1
2017-2-23 19:10:59,1,1.12,0,1
2017-2-23 19:11:6,1,1.40,1,0
2017-2-23 19:11:8,1,1.54,0,1
2017-2-23 19:11:19,1,0.70,1,0
2017-2-23 19:11:26,1,1.69,0,1
2017-2-23 19:11:35,1,1.36,0,1
2017-2-23 19:11:45,1,0.74,1,0
2017-2-23 19:11:58,1,1.56,0,1
2017-2-23 19:12:6,1,0.90,0,1
2017-2-23 19:12:10,1,1.00,1,0
2017-2-23 19:12:16,1,1.53,1,0
2017-2-23 19:12:24,1,1.40,0,1
2017-2-23 19:12:32,1,12.82,0,1
2017-2-23 19:12:37,1,1.33,0,1
2017-2-23 19:12:40,1,1.61,1,0
2017-2-23 19:12:50,1,1.19,1,0
2017-2-23 19:12:51,1,0.88,1,0
2017-2-23 19:13:5,1,0.72,0,1
2017-2-23 19:13:8,1,0.66,0,1
2017-2-23 19:13:13,1,1.15,0,1
2017-2-23 19:13:22,1,1.53,0,1
2017-2-23 19:13:26,1,0.80,0,1
2017-2-23 19:13:35,1,0.61,0,1
2017-2-23 19:13:39,1,0.87,1,0
2017-2-23 19:13:48,1,1.16,0,1
2017-2-23 19:13:55,1,1.58,0,1
2017-2-23 19:14:5,1,0.72,1,0
2017-2-23 19:14:15,1,0.75,0,1
2017-2-23 19:14:20,1,0.89,1,0
2017-2-23 19:14:30,1,1.62,1,0
2017-2-23 19:14:41,1,14.50,0,1
2017-2-23 19:14:48,1,11.89,0,1
2017-2-23 19:14:59,1,1.43,0,1
2017-2-23 19:15:13,1,0.74,0,1
2017-2-23 19:15:22,1,1.33,0,1
2017-2-23 19:15:37,1,1.63,0,1
2017-2-23 19:15:41,1,1.51,1,0
2017-2-23 19:15:42,1,1.73,0,1
2017-2-23 19:15:51,1,1.29,0,1
2017-2-23 19:16:5,1,0.93,0,1
2017-2-23 19:16:7,1,12.43,0,1
2017-2-23 19:16:17,1,1.32,1,0
2017-2-23 19:16:25,1,1.06,0,1
2017-2-23 19:16:38,1,1.46,0,1
2017-2-23 19:16:40,1,1.00,0,1
2017-2-23 19:16:49,1,0.95,0,1
2017-2-23 19:17:2,1,1.57,0,1
2017-2-23 19:17:6,1,2.67,0,1
2017-2-23 19:17:20,1,0.90,1,0
2017-2-23 19:17:26,1,14.60,0,1
2017-2-23 19:17:38,1,14.68,0,1
2017-2-23 19:17:52,1,1.07,0,1
2017-2-23 19:18:1,1,1.59,0,1
2017-2-23 19:18:13,1,0.83,1,0
2017-2-23 19:18:22,1,1.32,0,1
2017-2-23 19:18:32,1,1.42,0,1
2017-2-23 19:18:34,1,1.02,1,0
2017-2-23 19:18:40,1,0.70,0,1
2017-2-23 19:18:45,1,4.01,1,0
2017-2-23 19:18:55,1,1.50,0,1
2017-2-23 19:19:6,1,1.31,0,1
2017-2-23 19:19:10,1,1.63,0,1
2017-2-23 19:19:24,1,14.68,1,0
2017-2-23 19:19:29,1,0.52,0,1
2017-2-23 19:19:32,1,0.79,1,0
2017-2-23 19:19:36,1,6.92,0,1
2017-2-23 19:19:39,1,14.44,0,1
2017-2-23 19:19:43,1,1.01,0,1
2017-2-23 19:19:53,1,0.74,1,0
2017-2-23 19:20:0,1,0.93,0,1
2017-2-23 19:20:2,1,1.75,1,0
2017-2-23 19:20:14,1,14.93,0,1
2017-2-23 19:20:28,1,0.89,1,0
2017-2-23 19:20:41,1,1.77,1,0
2017-2-23 19:20:47,1,1.15,0,1
2017-2-23 19:20:57,1,1.67,0,1
2017-2-23 19:21:11,1,0.84,0,1
2017-2-23 19:21:14,1,14.44,0,1
2017-2-23 19:21:22,1,5.17,1,0
2017-2-23 19:21:30,1,0.72,0,1
2017-2-23 19:21:40,1,1.64,0,1
2017-2-23 19:21:54,1,1.45,0,1
2017-2-23 19:22:0,1,13.85,0,1
2017-2-23 19:22:15,1,1.78,1,0
2017-2-23 19:22:24,1,0.96,0,1
2017-2-23 19:22:28,1,11.48,0,1
2017-2-23 19:22:34,1,0.61,0,1
2017-2-23 19:22:40,1,7.60,0,1
2017-2-23 19:22:50,1,0.64,0,1
2017-2-23 19:23:5,1,0.95,0,1
2017-2-23 19:23:11,1,1.59,0,1
2017-2-23 19:23:22,1,0.79,0,1
2017-2-23 19:23:26,1,8.24,1,0
2017-2-23 19:23:35,1,1.14,1,0
2017-2-23 19:23:48,1,1.38,1,0
2017-2-23 19:23:56,1,13.15,0,1
2017-2-23 19:24:9,1,1.15,0,1
2017-2-23 19:24:18,1,1.07,1,0
2017-2-23 19:24:24,1,1.59,1,0
2017-2-23 19:24:30,1,0.52,0,1
2017-2-23 19:24:40,1,0.89,0,1
2017-2-23 19:24:41,1,1.73,0,1
2017-2-23 19:24:49,1,13.30,0,1
2017-2-23 19:24:50,1,0.67,0,1
2017-2-23 19:24:51,1,1.53,1,0
2017-2-23 19:25:3,1,1.23,0,1
2017-2-23 19:25:14,1,0.97,0,1
2017-2-23 19:25:22,1,1.46,1,0
2017-2-23 19:25:24,1,1.19,1,0
2017-2-23 19:25:33,1,0.86,1,0
2017-2-23 19:25:37,1,1.37,1,0
2017-2-23 19:25:41,1,1.53,1,0
2017-2-23 19:25:45,1,1.25,0,1
2017-2-23 19:25:57,1,0.94,0,1
2017-2-23 19:26:1,1,1.27,0,1
2017-2-23 19:26:3,1,1.61,0,1
2017-2-23 19:26:16,1,0.91,0,1
2017-2-23 19:26:22,1,1.64,0,1
2017-2-23 19:26:33,1,1.28,0,1
2017-2-23 19:26:36,1,0.80,0,1
2017-2-23 19:26:51,1,1.10,0,1
2017-2-23 19:27:1,1,0.63,0,1
2017-2-23 19:27:13,1,1.36,0,1
2017-2-23 19:27:21,1,5.87,1,0
2017-2-23 19:27:33,1,0.88,0,1
2017-2-23 19:27:36,1,1.13,1,0
2017-2-23 19:27:51,1,3.82,1,0
2017-2-23 19:28:5,1,1.27,0,1
2017-2-23 19:28:15,1,0.61,0,1
2017-2-23 19:28:26,1,1.56,0,1
2017-2-23 19:28:31,1,12.95,0,1
2017-2-23 19:28:36,1,1.13,1,0
2017-2-23 19:28:43,1,0.59,0,1
2017-2-23 19:28:53,1,0.63,0,1
2017-2-23 19:29:6,1,1.46,0,1
2017-2-23 19:29:12,1,0.51,0,1
2017-2-23 19:29:24,1,0.57,0,1
2017-2-23 19:29:27,1,1.42,1,0
2017-2-23 19:29:31,1,14.93,0,1
2017-2-23 19:29:39,1,1.45,0,1
2017-2-23 19:29:42,1,1.33,1,0
2017-2-23 19:29:52,1,1.57,1,0
2017-2-23 19:29:56,1,4.05,0,1
2017-2-23 19:30:4,1,1.47,1,0
2017-2-23 19:30:13,1,4.01,0,1
2017-2-23 19:30:17,1,0.88,0,1
2017-2-23 19:30:19,1,0.76,0,1
2017-2-23 19:30:24,1,1.25,0,1
2017-2-23 19:30:28,1,0.86,0,1
2017-2-23 19:30:34,1,1.78,1,0
2017-2-23 19:30:39,1,1.74,0,1
2017-2-23 19:30:44,1,0.62,0,1
2017-2-23 19:30:49,1,0.93,1,0
2017-2-23 19:31:1,1,1.16,0,1
2017-2-23 19:31:5,1,0.84,0,1
2017-2-23 19:31:15,1,0.96,0,1
2017-2-23 19:31:29,1,0.55,1,0
2017-2-23 19:31:34,1,0.87,1,0
2017-2-23 19:31:49,1,1.46,0,1
2017-2-23 19:31:53,1,1.37,1,0
2017-2-23 19:32:0,1,0.51,0,1
2017-2-23 19:32:7,1,0.78,1,0
2017-2-23 19:32:11,1,1.14,0,1
2017-2-23 19:32:13,1,12.85,0,1
2017-2-23 19:32:26,1,9.69,0,1
2017-2-23 19:32:39,1,1.69,0,1
2017-2-23 19:32:43,1,1.05,1,0
2017-2-23 19:32:50,1,1.75,1,0
2017-2-23 19:33:3,1,0.72,0,1
2017-2-23 19:33:16,1,13.83,0,1
2017-2-23 19:33:21,1,0.91,1,0
2017-2-23 19:33:25,1,1.34,0,1
2017-2-23 19:33:30,1,1.08,1,0
2017-2-23 19:33:45,1,1.01,1,0
2017-2-23 19:33:48,1,0.69,0,1
2017-2-23 19:33:56,1,1.36,0,1
2017-2-23 19:34:0,1,9.61,1,0
2017-2-23 19:34:9,1,1.79,1,0
2017-2-23 19:34:19,1,1.18,0,1
2017-2-23 19:34:26,1,1.08,0,1
2017-2-23 19:34:27,1,8.77,0,1
2017-2-23 19:34:37,1,0.62,1,0
2017-2-23 19:34:42,1,1.77,0,1
2017-2-23 19:34:43,1,1.11,1,0
2017-2-23 19:34:45,1,1.59,0,1
2017-2-23 19:34:53,1,1.11,0,1
2017-2-23 19:34:55,1,0.86,0,1
2017-2-23 19:35:0,1,1.05,0,1
2017-2-23 19:35:15,1,1.77,0,1
2017-2-23 19:35:30,1,1.35,0,1
2017-2-23 19:35:37,1,1.20,0,1
2017-2-23 19:35:51,1,1.13,1,0
2017-2-23 19:35:56,1,1.43,0,1
2017-2-23 19:36:5,1,0.69,1,0
2017-2-23 19:36:16,1,1.00,0,1
2017-2-23 19:36:25,1,1.28,1,0
2017-2-23 19:36:28,1,1.73,1,0
2017-2-23 19:36:38,1,0.94,0,1
2017-2-23 19:36:49,1,0.56,1,0
2017-2-23 19:36:55,1,7.63,0,1
2017-2-23 19:37:3,1,0.53,0,1
2017-2-23 19:37:8,1,1.25,0,1
2017-2-23 19:37:21,1,5.68,0,1
2017-2-23 19:37:32,1,1.57,0,1
2017-2-23 19:37:33,1,1.02,0,1
2017-2-23 19:37:42,1,1.75,0,1
2017-2-23 19:37:54,1,1.72,1,0
2017-2-23 19:37:57,1,0.86,1,0
2017-2-23 19:38:9,1,1.22,1,0
2017-2-23 19:38:23,1,1.79,1,0
2017-2-23 19:38:36,1,5.76,0,1
2017-2-23 19:38:46,1,1.55,0,1
2017-2-23 19:38:55,1,1.59,0,1
2017-2-23 19:39:6,1,0.50,0,1
2017-2-23 19:39:15,1,1.48,0,1
2017-2-23 19:39:18,1,1.16,1,0
2017-2-23 19:39:26,1,1.62,0,1
2017-2-23 19:39:29,1,0.87,0,1
2017-2-23 19:39:37,1,6.22,1,0
2017-2-23 19:39:45,1,1.20,0,1
2017-2-23 19:39:59,1,1.05,0,1
2017-2-23 19:40:13,1,1.13,0,1
2017-2-23 19:40:16,1,1.20,0,1
2017-2-23 19:40:28,1,1.61,0,1
2017-2-23 19:40:36,1,1.04,0,1
2017-2-23 19:40:41,1,0.71,1,0
2017-2-23 19:40:42,1,1.77,0,1
2017-2-23 19:40:43,1,1.64,0,1
2017-2-23 19:40:54,1,0.86,1,0
2017-2-23 19:41:7,1,11.91,0,1
2017-2-23 19:41:20,1,1.25,0,1
2017-2-23 19:41:23,1,12.28,0,1
2017-2-23 19:41:29,1,0.70,0,1
2017-2-23 19:41:39,1,0.72,0,1
2017-2-23 19:41:51,1,0.97,0,1
2017-2-23 19:42:1,1,1.45,0,1
2017-2-23 19:42:7,1,0.77,0,1
2017-2-23 19:42:18,1,0.63,0,1
2017-2-23 19:42:33,1,1.16,0,1
2017-2-23 19:42:44,1,1.79,1,0
2017-2-23 19:42:46,1,0.76,0,1
2017-2-23 19:42:59,1,1.08,1,0
2017-2-23 19:43:7,1,1.50,1,0
2017-2-23 19:43:16,1,0.68,0,1
2017-2-23 19:43:25,1,1.78,0,1
2017-2-23 19:43:35,1,0.62,1,0
2017-2-23 19:43:42,1,1.56,0,1
2017-2-23 19:43:56,1,1.74,0,1
2017-2-23 19:43:58,1,1.06,0,1
2017-2-23 19:44:0,1,1.52,0,1
2017-2-23 19:44:2,1,0.53,1,0
2017-2-23 19:44:7,1,1.68,0,1
2017-2-23 19:44:9,1,1.75,0,1
2017-2-23 19:44:19,1,0.98,1,0
2017-2-23 19:44:25,1,1.16,0,1
2017-2-23 19:44:34,1,8.28,0,1
2017-2-23 19:44:48,1,0.95,0,1
2017-2-23 19:44:57,1,0.95,0,1
2017-2-23 19:45:3,1,0.61,1,0
2017-2-23 19:45:4,1,1.35,0,1
2017-2-23 19:45:10,1,1.31,1,0
2017-2-23 19:45:21,1,1.14,1,0
2017-2-23 19:45:33,1,5.49,0,1
2017-2-23 19:45:39,1,1.35,0,1
2017-2-23 19:45:53,1,0.54,1,0
2017-2-23 19:45:54,1,1.06,0,1
2017-2-23 19:45:59,1,6.68,0,1
2017-2-23 19:46:14,1,1.74,1,0
2017-2-23 19:46:21,1,1.70,0,1
2017-2-23 19:46:26,1,1.39,1,0
2017-2-23 19:46:32,1,1.38,1,0
2017-2-23 19:46:38,1,1.19,0,1
2017-2-23 19:46:39,1,1.72,1,0
2017-2-23 19:46:43,1,1.47,1,0
2017-2-23 19:46:56,1,0.95,0,1
2017-2-23 19:47:2,1,1.31,1,0
2017-2-23 19:47:5,1,1.36,0,1
2017-2-23 19:47:8,1,1.22,0,1
2017-2-23 19:47:12,1,1.72,0,1
2017-2-23 19:47:18,1,4.46,0,1
2017-2-23 19:47:27,1,0.72,0,1
2017-2-23 19:47:39,1,1.38,1,0
2017-2-23 19:47:44,1,0.81,0,1
2017-2-23 19:47:59,1,1.07,0,1
2017-2-23 19:48:12,1,0.55,1,0
2017-2-23 19:48:23,1,0.98,0,1
2017-2-23 19:48:34,1,12.86,1,0
2017-2-23 19:48:38,1,9.60,0,1
2017-2-23 19:48:41,1,1.55,0,1
2017-2-23 19:48:51,1,0.96,0,1
2017-2-23 19:48:58,1,1.40,0,1
2017-2-23 19:49:7,1,1.75,0,1
2017-2-23 19:49:20,1,0.75,0,1
2017-2-23 19:49:28,1,1.14,0,1
2017-2-23 19:49:41,1,1.25,1,0
2017-2-23 19:49:56,1,0.71,0,1
2017-2-23 19:50:5,1,1.29,0,1
2017-2-23 19:50:13,1,1.08,0,1
2017-2-23 19:50:19,1,1.43,0,1
2017-2-23 19:50:34,1,1.19,1,0
2017-2-23 19:50:39,1,0.89,1,0
2017-2-23 19:50:54,1,1.50,0,1
2017-2-23 19:51:4,1,1.51,1,0
2017-2-23 19:51:6,1,1.70,0,1
2017-2-23 19:51:15,1,1.19,1,0
2017-2-23 19:51:23,1,1.41,1,0
2017-2-23 19:51:26,1,1.13,0,1
2017-2-23 19:51:37,1,1.03,0,1
2017-2-23 19:51:44,1,2.28,1,0
2017-2-23 19:51:59,1,1.41,0,1
2017-2-23 19:52:12,1,0.96,0,1
2017-2-23 19:52:21,1,0.64,0,1
2017-2-23 19:52:30,1,1.76,0,1
2017-2-23 19:52:31,1,2.26,1,0
2017-2-23 19:52:35,1,1.80,0,1
2017-2-23 19:52:39,1,1.68,0,1
2017-2-23 19:52:42,1,1.75,0,1
2017-2-23 19:52:56,1,0.94,1,0
2017-2-23 19:53:3,1,0.70,0,1
2017-2-23 19:53:14,1,1.32,0,1
2017-2-23 19:53:19,1,1.44,0,1
2017-2-23 19:53:23,1,1.38,0,1
2017-2-23 19:53:27,1,1.31,1,0
2017-2-23 19:53:32,1,1.78,0,1
2017-2-23 19:53:41,1,1.13,0,1
2017-2-23 19:53:42,1,1.12,0,1
2017-2-23 19:53:56,1,1.29,0,1
2017-2-23 19:54:6,1,1.37,0,1
2017-2-23 19:54:18,1,1.25,0,1
2017-2-23 19:54:30,1,1.50,0,1
2017-2-23 19:54:32,1,1.13,1,0
2017-2-23 19:54:42,1,0.68,1,0
2017-2-23 19:54:44,1,10.04,0,1
2017-2-23 19:54:56,1,1.62,0,1
2017-2-23 19:55:3,1,0.60,0,1
2017-2-23 19:55:10,1,1.10,1,0
2017-2-23 19:55:21,1,0.52,0,1
2017-2-23 19:55:31,1,1.70,0,1
2017-2-23 19:55:40,1,1.07,1,0
2017-2-23 19:55:43,1,1.77,1,0
2017-2-23 19:55:47,1,1.55,1,0
2017-2-23 19:55:56,1,1.08,0,1
2017-2-23 19:56:1,1,0.92,0,1
2017-2-23 19:56:7,1,1.41,0,1
2017-2-23 19:56:8,1,1.04,0,1
2017-2-23 19:56:10,1,1.16,0,1
2017-2-23 19:56:14,1,0.76,0,1
2017-2-23 19:56:20,1,1.74,0,1
2017-2-23 19:56:22,1,0.87,0,1
2017-2-23 19:56:30,1,1.27,1,0
2017-2-23 19:56:36,1,0.89,0,1
2017-2-23 19:56:43,1,1.60,0,1
2017-2-23 19:56:55,1,0.85,0,1
2017-2-23 19:57:5,1,1.42,1,0
2017-2-23 19:57:11,1,1.62,0,1
2017-2-23 19:57:21,1,1.13,1,0
2017-2-23 19:57:27,1,1.33,1,0
2017-2-23 19:57:33,1,3.51,1,0
2017-2-23 19:57:41,1,0.50,0,1
2017-2-23 19:57:43,1,1.58,0,1
2017-2-23 19:57:48,1,1.14,1,0
2017-2-23 19:57:51,1,0.89,0,1
2017-2-23 19:58:0,1,1.35,0,1
2017-2-23 19:58:15,1,2.86,0,1
2017-2-23 19:58:29,1,0.92,0,1
2017-2-23 19:58:31,1,1.74,0,1
2017-2-23 19:58:33,1,1.43,0,1
2017-2-23 19:58:42,1,0.81,1,0
2017-2-23 19:58:44,1,0.73,0,1
2017-2-23 19:58:51,1,1.62,0,1
2017-2-23 19:59:0,1,1.47,0,1
2017-2-23 19:59:10,1,1.47,0,1
2017-2-23 19:59:16,1,0.62,0,1
2017-2-23 19:59:27,1,0.58,0,1
2017-2-23 19:59:41,1,1.42,0,1
2017-2-23 19:59:44,1,0.53,1,0
2017-2-23 19:59:53,1,1.69,0,1
2017-2-23 20:0:7,1,12.46,1,0
2017-2-23 20:0:8,1,0.66,0,1
2017-2-23 20:0:22,1,0.78,1,0
2017-2-23 20:0:23,1,1.24,1,0
2017-2-23 20:0:35,1,13.79,0,1
2017-2-23 20:0:36,1,1.13,0,1
2017-2-23 20:0:43,1,5.16,0,1
2017-2-23 20:0:45,1,1.12,1,0
2017-2-23 20:0:51,1,1.79,0,1
2017-2-23 20:0:57,1,0.78,1,0
2017-2-23 20:1:12,1,1.54,1,0
2017-2-23 20:1:23,1,0.62,1,0
2017-2-23 20:1:26,1,1.73,0,1
2017-2-23 20:1:39,1,0.86,0,1
2017-2-23 20:1:45,1,0.50,1,0
2017-2-23 20:1:55,1,0.92,1,0
2017-2-23 20:1:57,1,1.05,0,1
2017-2-23 20:2:0,1,0.91,0,1
2017-2-23 20:2:9,1,0.56,0,1
2017-2-23 20:2:23,1,1.39,0,1
2017-2-23 20:2:35,1,0.55,0,1
2017-2-23 20:2:50,1,0.60,0,1
2017-2-23 20:2:59,1,1.77,0,1
2017-2-23 20:3:2,1,0.65,0,1
2017-2-23 20:3:11,1,0.77,1,0
2017-2-23 20:3:22,1,1.67,1,0
2017-2-23 20:3:30,1,0.67,0,1
2017-2-23 20:3:31,1,1.27,0,1
2017-2-23 20:3:44,1,0.83,0,1
2017-2-23 20:3:46,1,8.97,0,1
2017-2-23 20:3:49,1,1.04,1,0
2017-2-23 20:4:1,1,0.94,0,1
2017-2-23 20:4:11,1,3.81,1,0
2017-2-23 20:4:24,1,1.77,1,0
2017-2-23 20:4:34,1,0.98,1,0
2017-2-23 20:4:42,1,7.41,1,0
2017-2-23 20:4:51,1,6.22,0,1
2017-2-23 20:5:0,1,0.94,1,0
2017-2-23 20:5:12,1,1.27,1,0
2017-2-23 20:5:15,1,1.60,0,1
2017-2-23 20:5:17,1,14.34,0,1
2017-2-23 20:5:25,1,0.71,0,1
2017-2-23 20:5:39,1,1.51,0,1
2017-2-23 20:5:54,1,0.51,1,0
2017-2-23 20:6:1,1,0.87,0,1
2017-2-23 20:6:5,1,1.48,0,1
2017-2-23 20:6:14,1,0.82,0,1
2017-2-23 20:6:23,1,1.35,0,1
2017-2-23 20:6:32,1,1.63,0,1
2017-2-23 20:6:39,1,1.18,1,0
2017-2-23 20:6:47,1,8.50,1,0
2017-2-23 20:6:57,1,1.06,1,0
2017-2-23 20:6:58,1,1.52,1,0
2017-2-23 20:7:2,1,0.72,1,0
2017-2-23 20:7:13,1,0.93,1,0
2017-2-23 20:7:27,1,13.50,0,1
2017-2-23 20:7:32,1,1.21,0,1
2017-2-23 20:7:42,1,1.65,0,1
2017-2-23 20:7:47,1,0.54,1,0
2017-2-23 20:7:54,1,0.85,1,0
2017-2-23 20:7:59,1,1.67,0,1
2017-2-23 20:8:2,1,1.51,0,1
2017-2-23 20:8:10,1,1.21,1,0
2017-2-23 20:8:17,1,0.57,1,0
2017-2-23 20:8:32,1,1.08,0,1
2017-2-23 20:8:38,1,1.76,1,0
2017-2-23 20:8:42,1,1.78,1,0
2017-2-23 20:8:46,1,1.70,1,0
2017-2-23 20:8:47,1,7.53,0,1
2017-2-23 20:8:48,1,1.24,1,0
2017-2-23 20:8:59,1,0.89,0,1
2017-2-23 20:9:11,1,1.26,1,0
2017-2-23 20:9:19,1,1.14,1,0
2017-2-23 20:9:28,1,1.70,1,0
2017-2-23 20:9:29,1,0.92,1,0
2017-2-23 20:9:39,1,1.77,1,0
2017-2-23 20:9:53,1,1.67,1,0
2017-2-23 20:10:6,1,0.60,1,0
2017-2-23 20:10:8,1,0.78,1,0
2017-2-23 20:10:11,1,1.29,1,0
2017-2-23 20:10:14,1,1.73,0,1
2017-2-23 20:10:20,1,1.77,1,0
2017-2-23 20:10:21,1,1.13,0,1
2017-2-23 20:10:22,1,1.18,0,1
2017-2-23 20:10:24,1,8.73,1,0
2017-2-23 20:10:29,1,0.61,1,0
2017-2-23 20:10:41,1,13.87,0,1
2017-2-23 20:10:54,1,0.88,1,0
2017-2-23 20:11:8,1,1.69,1,0
2017-2-23 20:11:11,1,0.82,1,0
2017-2-23 20:11:19,1,6.80,0,1
2017-2-23 20:11:22,1,0.71,1,0
2017-2-23 20:11:30,1,0.61,1,0
2017-2-23 20:11:37,1,0.98,1,0
2017-2-23 20:11:40,1,8.96,1,0
2017-2-23 20:11:44,1,1.45,1,0
2017-2-23 20:11:58,1,8.32,1,0
2017-2-23 20:12:3,1,1.04,1,0
2017-2-23 20:12:5,1,1.35,0,1
2017-2-23 20:12:6,1,1.05,0,1
2017-2-23 20:12:11,1,0.80,1,0
2017-2-23 20:12:24,1,1.34,1,0
2017-2-23 20:12:29,1,1.28,1,0
2017-2-23 20:12:41,1,1.70,1,0
2017-2-23 20:12:43,1,0.59,1,0
2017-2-23 20:12:52,1,0.91,1,0
2017-2-23 20:12:53,1,1.15,0,1
2017-2-23 20:13:1,1,1.37,0,1
2017-2-23 20:13:12,1,0.63,1,0
2017-2-23 20:13:24,1,1.30,1,0
2017-2-23 20:13:35,1,0.63,0,1
2017-2-23 20:13:40,1,10.93,1,0
2017-2-23 20:13:48,1,1.12,1,0
2017-2-23 20:13:53,1,1.16,0,1
2017-2-23 20:14:3,1,0.99,1,0
2017-2-23 20:14:7,1,1.58,1,0
2017-2-23 20:14:15,1,0.98,0,1
2017-2-23 20:14:19,1,1.14,0,1
2017-2-23 20:14:20,1,0.55,0,1
2017-2-23 20:14:22,1,0.72,0,1
2017-2-23 20:14:24,1,10.43,1,0
2017-2-23 20:14:32,1,1.56,1,0
2017-2-23 20:14:34,1,3.84,1,0
2017-2-23 20:14:48,1,1.14,1,0
2017-2-23 20:14:58,1,0.87,0,1
2017-2-23 20:15:13,1,2.63,1,0
2017-2-23 20:15:23,1,0.82,1,0
2017-2-23 20:15:32,1,1.18,1,0
2017-2-23 20:15:46,1,1.73,0,1
2017-2-23 20:15:49,1,1.73,0,1
2017-2-23 20:15:59,1,1.04,0,1
2017-2-23 20:16:1,1,1.09,1,0
2017-2-23 20:16:12,1,0.91,1,0
2017-2-23 20:16:26,1,1.52,1,0
2017-2-23 20:16:33,1,1.54,1,0
2017-2-23 20:16:41,1,0.73,1,0
2017-2-23 20:16:47,1,0.52,1,0
2017-2-23 20:16:53,1,0.98,0,1
2017-2-23 20:17:5,1,0.86,0,1
2017-2-23 20:17:12,1,14.69,1,0
2017-2-23 20:17:18,1,7.21,1,0
2017-2-23 20:17:20,1,1.38,1,0
2017-2-23 20:17:30,1,1.64,1,0
2017-2-23 20:17:42,1,1.59,1,0
2017-2-23 20:17:50,1,1.42,1,0
2017-2-23 20:18:3,1,0.65,1,0
2017-2-23 20:18:13,1,7.06,1,0
2017-2-23 20:18:22,1,1.25,1,0
2017-2-23 20:18:28,1,0.91,1,0
2017-2-23 20:18:41,1,0.65,0,1
2017-2-23 20:18:55,1,1.66,1,0
2017-2-23 20:19:1,1,1.02,1,0
2017-2-23 20:19:13,1,1.00,0,1
2017-2-23 20:19:25,1,1.03,1,0
2017-2-23 20:19:29,1,1.63,1,0
2017-2-23 20:19:44,1,0.63,0,1
2017-2-23 20:19:52,1,0.81,1,0
2017-2-23 20:19:55,1,1.46,0,1
2017-2-23 20:20:5,1,10.67,1,0
2017-2-23 20:20:7,1,9.87,0,1
2017-2-23 20:20:20,1,0.53,1,0
2017-2-23 20:20:26,1,12.40,1,0
2017-2-23 20:20:40,1,1.46,0,1
2017-2-23 20:20:49,1,13.00,0,1
2017-2-23 20:21:4,1,4.21,1,0
2017-2-23 20:21:7,1,0.62,0,1
2017-2-23 20:21:16,1,0.54,1,0
2017-2-23 20:21:30,1,0.67,0,1
2017-2-23 20:21:34,1,1.15,1,0
2017-2-23 20:21:44,1,1.10,1,0
2017-2-23 20:21:54,1,0.56,1,0
2017-2-23 20:21:59,1,1.34,1,0
2017-2-23 20:22:11,1,1.48,1,0
2017-2-23 20:22:21,1,0.93,1,0
2017-2-23 20:22:32,1,1.71,1,0
2017-2-23 20:22:43,1,1.58,1,0
2017-2-23 20:22:48,1,4.98,1,0
2017-2-23 20:22:53,1,0.58,0,1
2017-2-23 20:23:1,1,1.59,1,0
2017-2-23 20:23:9,1,1.78,0,1
2017-2-23 20:23:16,1,0.58,1,0
2017-2-23 20:23:25,1,1.50,1,0
2017-2-23 20:23:36,1,1.01,1,0
2017-2-23 20:23:44,1,1.04,1,0
2017-2-23 20:23:58,1,0.94,0,1
2017-2-23 20:24:1,1,11.07,0,1
2017-2-23 20:24:15,1,1.46,0,1
2017-2-23 20:24:27,1,1.50,1,0
2017-2-23 20:24:37,1,1.70,0,1
2017-2-23 20:24:43,1,4.93,1,0
2017-2-23 20:24:57,1,1.63,1,0
2017-2-23 20:25:3,1,3.67,0,1
2017-2-23 20:25:16,1,0.95,1,0
2017-2-23 20:25:18,1,7.07,1,0
2017-2-23 20:25:32,1,1.25,1,0
2017-2-23 20:25:41,1,0.62,1,0
2017-2-23 20:25:43,1,0.85,1,0
2017-2-23 20:25:53,1,0.85,0,1
2017-2-23 20:26:1,1,1.62,0,1
2017-2-23 20:26:8,1,0.55,1,0
2017-2-23 20:26:16,1,1.12,1,0
2017-2-23 20:26:20,1,14.63,1,0
2017-2-23 20:26:34,1,8.37,1,0
2017-2-23 20:26:48,1,1.20,1,0
2017-2-23 20:26:51,1,1.80,1,0
2017-2-23 20:26:57,1,10.26,1,0
2017-2-23 20:27:12,1,0.67,0,1
2017-2-23 20:27:18,1,1.75,0,1
2017-2-23 20:27:27,1,0.74,0,1
2017-2-23 20:27:38,1,10.06,1,0
2017-2-23 20:27:42,1,0.69,0,1
2017-2-23 20:27:48,1,14.96,0,1
2017-2-23 20:27:58,1,1.62,0,1
2017-2-23 20:28:5,1,0.53,0,1
2017-2-23 20:28:9,1,1.34,0,1
2017-2-23 20:28:19,1,1.54,1,0
2017-2-23 20:28:24,1,1.31,0,1
2017-2-23 20:28:32,1,1.30,0,1
2017-2-23 20:28:37,1,1.49,0,1
2017-2-23 20:28:41,1,1.72,0,1
2017-2-23 20:28:48,1,1.03,0,1
2017-2-23 20:28:52,1,1.17,1,0
2017-2-23 20:28:54,1,1.33,1,0
2017-2-23 20:29:8,1,1.03,1,0
2017-2-23 20:29:14,1,0.57,1,0
2017-2-23 20:29:28,1,0.61,0,1
2017-2-23 20:29:30,1,1.59,0,1
2017-2-23 20:29:37,1,0.75,1,0
2017-2-23 20:29:45,1,1.14,1,0
2017-2-23 20:29:48,1,5.72,1,0
2017-2-23 20:30:2,1,0.90,0,1
2017-2-23 20:30:9,1,0.62,1,0
2017-2-23 20:30:16,1,0.69,0,1
2017-2-23 20:30:26,1,0.93,1,0
2017-2-23 20:30:28,1,0.83,0,1
2017-2-23 20:30:40,1,1.16,0,1
2017-2-23 20:30:45,1,0.57,1,0
2017-2-23 20:30:56,1,1.07,1,0
2017-2-23 20:30:58,1,10.10,1,0
2017-2-23 20:31:0,1,1.20,0,1
2017-2-23 20:31:5,1,0.50,1,0
2017-2-23 20:31:15,1,1.70,1,0
2017-2-23 20:31:23,1,1.66,1,0
2017-2-23 20:31:33,1,7.47,0,1
2017-2-23 20:31:37,1,1.54,0,1
2017-2-23 20:31:43,1,1.10,0,1
2017-2-23 20:31:45,1,1.60,1,0
2017-2-23 20:31:56,1,1.69,1,0
2017-2-23 20:32:9,1,2.43,1,0
2017-2-23 20:32:14,1,0.91,1,0
2017-2-23 20:32:26,1,1.06,0,1
2017-2-23 20:32:27,1,4.83,0,1
2017-2-23 20:32:30,1,1.63,1,0
2017-2-23 20:32:39,1,0.93,1,0
2017-2-23 20:32:47,1,1.79,1,0
2017-2-23 20:32:55,1,13.96,1,0
2017-2-23 20:33:3,1,0.57,1,0
2017-2-23 20:33:18,1,1.48,1,0
2017-2-23 20:33:25,1,1.01,0,1
2017-2-23 20:33:37,1,1.03,1,0
2017-2-23 20:33:38,1,1.72,1,0
2017-2-23 20:33:42,1,1.35,0,1
2017-2-23 20:33:55,1,1.31,1,0
2017-2-23 20:34:0,1,12.76,0,1
2017-2-23 20:34:15,1,0.97,1,0
2017-2-23 20:34:19,1,1.15,1,0
2017-2-23 20:34:25,1,1.40,1,0
2017-2-23 20:34:34,1,1.68,0,1
2017-2-23 20:34:40,1,0.87,1,0
2017-2-23 20:34:44,1,2.36,0,1
2017-2-23 20:34:54,1,1.55,1,0
2017-2-23 20:35:1,1,0.73,0,1
2017-2-23 20:35:8,1,1.53,1,0
2017-2-23 20:35:14,1,1.40,0,1
2017-2-23 20:35:20,1,1.27,0,1
2017-2-23 20:35:27,1,1.09,1,0
2017-2-23 20:35:41,1,1.79,1,0
2017-2-23 20:35:56,1,1.64,1,0
2017-2-23 20:36:2,1,0.79,1,0
2017-2-23 20:36:10,1,0.66,0,1
2017-2-23 20:36:14,1,0.85,1,0
2017-2-23 20:36:27,1,1.74,0,1
2017-2-23 20:36:32,1,0.66,1,0
2017-2-23 20:36:35,1,1.15,1,0
2017-2-23 20:36:40,1,1.38,1,0
2017-2-23 20:36:46,1,1.29,1,0
2017-2-23 20:36:48,1,1.23,1,0
2017-2-23 20:36:50,1,1.52,0,1
2017-2-23 20:37:3,1,1.73,0,1
2017-2-23 20:37:15,1,0.71,1,0
2017-2-23 20:37:19,1,1.36,0,1
2017-2-23 20:37:24,1,1.20,1,0
2017-2-23 20:37:32,1,1.27,0,1
2017-2-23 20:37:46,1,13.48,0,1
2017-2-23 20:37:54,1,0.56,0,1
2017-2-23 20:37:56,1,0.78,1,0
2017-2-23 20:38:7,1,1.01,0,1
2017-2-23 20:38:21,1,1.28,0,1
2017-2-23 20:38:25,1,1.03,0,1
2017-2-23 20:38:34,1,0.57,1,0
2017-2-23 20:38:39,1,1.64,0,1
2017-2-23 20:38:41,1,14.25,1,0
2017-2-23 20:38:50,1,1.41,0,1
2017-2-23 20:39:4,1,0.88,1,0
2017-2-23 20:39:7,1,1.70,1,0
2017-2-23 20:39:12,1,1.23,1,0
2017-2-23 20:39:26,1,1.59,1,0
2017-2-23 20:39:29,1,0.92,0,1
2017-2-23 20:39:31,1,1.14,1,0
2017-2-23 20:39:33,1,1.65,1,0
2017-2-23 20:39:44,1,1.42,1,0
2017-2-23 20:39:47,1,1.43,1,0
2017-2-23 20:39:58,1,13.79,1,0
2017-2-23 20:40:11,1,5.94,1,0
2017-2-23 20:40:25,1,2.55,1,0
2017-2-23 20:40:31,1,0.95,1,0
2017-2-23 20:40:45,1,0.92,1,0
2017-2-23 20:40:55,1,10.59,1,0
2017-2-23 20:41:4,1,9.29,1,0
2017-2-23 20:41:8,1,0.76,0,1
2017-2-23 20:41:23,1,1.54,0,1
2017-2-23 20:41:32,1,0.84,1,0
2017-2-23 20:41:37,1,1.22,1,0
2017-2-23 20:41:51,1,0.96,1,0
2017-2-23 20:41:56,1,0.62,0,1
2017-2-23 20:42:0,1,0.75,1,0
2017-2-23 20:42:9,1,13.76,1,0
2017-2-23 20:42:19,1,1.27,1,0
2017-2-23 20:42:24,1,1.20,0,1
2017-2-23 20:42:27,1,1.31,0,1
2017-2-23 20:42:41,1,0.90,1,0
2017-2-23 20:42:44,1,0.54,1,0
2017-2-23 20:42:56,1,11.77,1,0
2017-2-23 20:43:3,1,0.70,1,0
2017-2-23 20:43:14,1,1.50,1,0
2017-2-23 20:43:26,1,1.69,0,1
2017-2-23 20:43:36,1,1.71,1,0
2017-2-23 20:43:40,1,0.57,0,1
2017-2-23 20:43:51,1,4.52,0,1
2017-2-23 20:44:0,1,1.64,0,1
2017-2-23 20:44:13,1,0.92,1,0
2017-2-23 20:44:21,1,13.47,1,0
2017-2-23 20:44:24,1,1.71,0,1
2017-2-23 20:44:36,1,7.07,0,1
2017-2-23 20:44:45,1,1.21,0,1
2017-2-23 20:44:51,1,0.95,1,0
2017-2-23 20:45:0,1,10.05,0,1
2017-2-23 20:45:3,1,1.64,0,1
2017-2-23 20:45:11,1,1.69,0,1
2017-2-23 20:45:20,1,0.58,1,0
2017-2-23 20:45:31,1,0.68,1,0
2017-2-23 20:45:39,1,1.08,1,0
2017-2-23 20:45:49,1,1.84,1,0
2017-2-23 20:45:57,1,1.37,0,1
2017-2-23 20:46:5,1,0.59,0,1
2017-2-23 20:46:9,1,0.81,0,1
2017-2-23 20:46:17,1,1.46,0,1
2017-2-23 20:46:25,1,9.79,1,0
2017-2-23 20:46:27,1,0.94,0,1
2017-2-23 20:46:31,1,9.72,1,0
2017-2-23 20:46:39,1,0.88,1,0
2017-2-23 20:46:42,1,1.44,1,0
2017-2-23 20:46:52,1,1.70,1,0
2017-2-23 20:46:56,1,1.38,1,0
2017-2-23 20:47:6,1,1.77,1,0
2017-2-23 20:47:14,1,0.75,1,0
2017-2-23 20:47:26,1,1.54,0,1
2017-2-23 20:47:36,1,1.51,0,1
2017-2-23 20:47:44,1,1.20,0,1
2017-2-23 20:47:47,1,0.61,1,0
2017-2-23 20:48:2,1,14.67,0,1
2017-2-23 20:48:16,1,1.22,0,1
2017-2-23 20:48:29,1,1.03,0,1
2017-2-23 20:48:43,1,1.70,1,0
2017-2-23 20:48:46,1,1.32,1,0
2017-2-23 20:48:54,1,1.71,1,0
2017-2-23 20:49:8,1,0.95,1,0
2017-2-23 20:49:18,1,1.20,0,1
2017-2-23 20:49:23,1,1.06,1,0
2017-2-23 20:49:25,1,12.27,0,1
2017-2-23 20:49:32,1,1.49,1,0
2017-2-23 20:49:34,1,0.66,1,0
2017-2-23 20:49:46,1,1.14,0,1
2017-2-23 20:49:57,1,1.37,1,0
2017-2-23 20:50:2,1,0.54,0,1
2017-2-23 20:50:10,1,1.10,1,0
2017-2-23 20:50:12,1,1.57,1,0
2017-2-23 20:50:14,1,1.49,1,0
2017-2-23 20:50:19,1,1.13,1,0
2017-2-23 20:50:31,1,10.90,1,0
2017-2-23 20:50:34,1,1.29,1,0
2017-2-23 20:50:41,1,1.43,1,0
2017-2-23 20:50:43,1,0.71,1,0
2017-2-23 20:50:51,1,0.75,1,0
2017-2-23 20:50:59,1,1.02,1,0
2017-2-23 20:51:13,1,1.12,1,0
2017-2-23 20:51:17,1,6.95,0,1
2017-2-23 20:51:28,1,0.72,1,0
2017-2-23 20:51:30,1,0.97,1,0
2017-2-23 20:51:32,1,1.75,1,0
2017-2-23 20:51:38,1,1.72,1,0
2017-2-23 20:51:51,1,1.64,0,1
2017-2-23 20:51:53,1,2.08,1,0
2017-2-23 20:52:3,1,8.75,1,0
2017-2-23 20:52:9,1,1.34,0,1
2017-2-23 20:52:21,1,13.26,1,0
2017-2-23 20:52:29,1,1.04,0,1
2017-2-23 20:52:41,1,0.90,1,0
2017-2-23 20:52:48,1,0.63,1,0
2017-2-23 20:52:55,1,1.72,1,0
2017-2-23 20:53:7,1,1.75,0,1
2017-2-23 20:53:13,1,1.13,1,0
2017-2-23 20:53:22,1,3.42,0,1
2017-2-23 20:53:31,1,1.00,1,0
2017-2-23 20:53:41,1,1.79,0,1
2017-2-23 20:53:47,1,1.54,1,0
2017-2-23 20:53:51,1,0.96,1,0
2017-2-23 20:53:58,1,1.76,1,0
2017-2-23 20:54:10,1,12.99,1,0
2017-2-23 20:54:16,1,3.95,1,0
2017-2-23 20:54:30,1,0.79,1,0
2017-2-23 20:54:32,1,1.78,0,1
2017-2-23 20:54:44,1,1.55,0,1
2017-2-23 20:54:49,1,1.57,1,0
2017-2-23 20:54:52,1,1.69,1,0
2017-2-23 20:55:1,1,0.67,1,0
2017-2-23 20:55:13,1,1.75,0,1
2017-2-23 20:55:22,1,1.52,1,0
2017-2-23 20:55:32,1,1.33,0,1
2017-2-23 20:55:39,1,0.85,1,0
2017-2-23 20:55:41,1,11.90,1,0
2017-2-23 20:55:52,1,1.47,1,0
2017-2-23 20:55:57,1,1.04,1,0
2017-2-23 20:56:4,1,1.50,1,0
2017-2-23 20:56:7,1,1.75,1,0
2017-2-23 20:56:17,1,1.50,0,1
2017-2-23 20:56:20,1,1.47,0,1
2017-2-23 20:56:33,1,1.80,1,0
2017-2-23 20:56:45,1,1.26,1,0
2017-2-23 20:56:56,1,1.29,1,0
2017-2-23 20:57:0,1,1.65,1,0
2017-2-23 20:57:6,1,0.91,1,0
2017-2-23 20:57:16,1,1.38,1,0
2017-2-23 20:57:20,1,0.80,1,0
2017-2-23 20:57:30,1,1.66,1,0
2017-2-23 20:57:32,1,1.71,0,1
2017-2-23 20:57:39,1,0.79,1,0
2017-2-23 20:57:41,1,1.71,1,0
2017-2-23 20:57:42,1,0.61,1,0
2017-2-23 20:57:55,1,1.52,1,0
2017-2-23 20:58:7,1,7.75,1,0
2017-2-23 20:58:16,1,1.20,1,0
2017-2-23 20:58:24,1,1.03,0,1
2017-2-23 20:58:28,1,1.65,1,0
2017-2-23 20:58:29,1,1.21,0,1
2017-2-23 20:58:36,1,1.47,1,0
2017-2-23 20:58:45,1,1.09,1,0
2017-2-23 20:58:47,1,0.63,1,0
2017-2-23 20:58:58,1,1.05,1,0
2017-2-23 20:59:10,1,2.87,0,1
2017-2-23 20:59:15,1,0.90,1,0
2017-2-23 20:59:21,1,0.65,0,1
2017-2-23 20:59:34,1,0.79,1,0
2017-2-23 20:59:48,1,1.12,1,0
2017-2-23 20:59:56,1,0.87,1,0
2017-2-23 21:0:11,1,1.07,1,0
2017-2-23 21:0:23,1,1.04,1,0
2017-2-23 21:0:32,1,0.73,1,0
2017-2-23 21:0:37,1,0.56,1,0
2017-2-23 21:0:44,1,1.25,0,1
2017-2-23 21:0:53,1,0.83,1,0
2017-2-23 21:1:8,1,1.57,0,1
2017-2-23 21:1:13,1,0.80,1,0
2017-2-23 21:1:16,1,1.13,1,0
2017-2-23 21:1:25,1,1.31,1,0
2017-2-23 21:1:35,1,0.93,0,1
2017-2-23 21:1:38,1,1.01,1,0
2017-2-23 21:1:47,1,1.51,1,0
2017-2-23 21:1:55,1,1.45,1,0
2017-2-23 21:1:58,1,1.18,1,0
2017-2-23 21:2:8,1,1.20,1,0
2017-2-23 21:2:22,1,1.69,1,0
2017-2-23 21:2:36,1,0.87,0,1
2017-2-23 21:2:39,1,0.61,1,0
2017-2-23 21:2:47,1,1.50,0,1
2017-2-23 21:3:1,1,11.70,1,0
2017-2-23 21:3:14,1,1.15,1,0
2017-2-23 21:3:27,1,1.07,0,1
2017-2-23 21:3:36,1,0.83,1,0
2017-2-23 21:3:46,1,0.62,0,1
2017-2-23 21:3:48,1,0.98,1,0
2017-2-23 21:3:54,1,1.74,0,1
2017-2-23 21:4:7,1,0.99,1,0
2017-2-23 21:4:11,1,1.49,0,1
2017-2-23 21:4:17,1,1.53,1,0
2017-2-23 21:4:22,1,6.49,1,0
2017-2-23 21:4:36,1,1.39,1,0
2017-2-23 21:4:43,1,0.85,0,1
2017-2-23 21:4:53,1,1.36,1,0
2017-2-23 21:5:1,1,1.52,0,1
